Time,Hb,LDH,Hb_mean,LDH_mean
0,,,13.80857142857143,317.0344827586207
2,,,13.211428571428574,337.48387096774195
6,,,13.081818181818187,283.24242424242425
13,,,12.988571428571428,244.68571428571428
27,,,13.514285714285716,235.28571428571428
