{
    "metadata": {
        "description": "k_P_death linear, ohne iE, 1x durchlauf, mit fixed update function, ohne hill, titer= 1000",
        "algorithm": "differential_evolution",
        "patient": "36",
        "estimation_duration": 39440.71576476097
    },
    "results": [
        {
            "index": 0,
            "initial_guess": {
                "Hkt_init": -0.4140582001797336,
                "M": 2.28949185410838,
                "k_E_infect": -5.958659954017827,
                "k_iE_rupture": 0.5634380441094708,
                "k_M_death": 2.8428184690490452,
                "I0_death_iE": -4.341618169535236,
                "t_oiE_death": 0.8913335974584236,
                "k_BH": -2.9783200034035646,
                "J_oiEdeath_0": 3.9992052576483137,
                "BH_max": -0.4254271518118067,
                "t_ART_add": 0.8106866401843902
            },
            "best_score": 1.8629733430540651,
            "best_params": {
                "Hkt_init": -0.2757497925019914,
                "M": 4.9978586933434475,
                "k_E_infect": -5.699785238995914,
                "k_iE_rupture": 0.6478282725422979,
                "k_M_death": 2.1279227219123595,
                "I0_death_iE": -4.143582827129146,
                "t_oiE_death": 1.1396395111499371,
                "k_BH": -4.2159096139802,
                "J_oiEdeath_0": 3.8147375236186774,
                "BH_max": -0.320205860316714,
                "t_ART_add": 0.47712125471966244
            },
            "termination_cause": "Optimization terminated successfully."
        }
    ]
}