{
    "metadata": {
        "description": "ohne iE fitten, mit Hkt init, weglassen von imax, Id50, param1death param2death",
        "algorithm": "differential_evolution",
        "patient": 59
    },
    "results": [
        {
            "index": 0,
            "initial_guess": {
                "Hkt_init": -0.4484578176078181,
                "M": 2.4860706750845507,
                "k_E_infect": -4.062443816556908,
                "k_iE_rupture": -0.7860005988020433,
                "k_M_death": 2.8909052837456777,
                "I0_death_iE": -3.0774779103296757,
                "hill": 0.025737637582563606,
                "t_oiE_death": 0.9017055580228484,
                "k_BH": -3.206692295467019,
                "J_oiEdeath_0": 3.9958603666943593,
                "BH_max": 0.32785119155666376,
                "t_ART_add": 0.5440829040388837
            },
            "best_score": 7.455726962678385,
            "best_params": {
                "Hkt_init": -0.28600382384105116,
                "M": 4.144604267569879,
                "k_E_infect": -4.621489154855482,
                "k_iE_rupture": 0.48611252061618027,
                "k_M_death": 2.7912493112160965,
                "I0_death_iE": -4.087837221272366,
                "hill": 0.36239607124256085,
                "t_oiE_death": 1.0243507136476724,
                "k_BH": -3.0581572241011368,
                "J_oiEdeath_0": 3.969011787932418,
                "BH_max": -0.40711029358156614,
                "t_ART_add": 0.47712125471966244
            }
        },
        {
            "index": 1,
            "initial_guess": {
                "Hkt_init": -0.35821535905929813,
                "M": 2.8607749630939465,
                "k_E_infect": -7.155232110019223,
                "k_iE_rupture": 0.8379756508585849,
                "k_M_death": 0.7561514574043162,
                "I0_death_iE": -3.873679255175416,
                "hill": 0.5132712965359647,
                "t_oiE_death": 0.8169348392912115,
                "k_BH": -2.6167604572086014,
                "J_oiEdeath_0": 3.7418266365654334,
                "BH_max": 0.05945843291592867,
                "t_ART_add": 0.8443862203768708
            },
            "best_score": 7.455726962678385,
            "best_params": {
                "Hkt_init": -0.30157661884850273,
                "M": 4.652504103320792,
                "k_E_infect": -4.7667839728720836,
                "k_iE_rupture": 0.6905201375604617,
                "k_M_death": 0.04771829274059591,
                "I0_death_iE": -5.914007591738034,
                "hill": 0.17880130133231015,
                "t_oiE_death": 1.0505374635512588,
                "k_BH": -3.9059075982188913,
                "J_oiEdeath_0": 3.7210952199015774,
                "BH_max": -1.553777256293868,
                "t_ART_add": 0.47712125471966244
            }
        },
        {
            "index": 2,
            "initial_guess": {
                "Hkt_init": -0.30687889384404654,
                "M": 3.399458792328781,
                "k_E_infect": -4.822354811539951,
                "k_iE_rupture": 0.2860704195463257,
                "k_M_death": 1.669104071204491,
                "I0_death_iE": -5.7138931720268165,
                "hill": 0.19504176174618243,
                "t_oiE_death": 0.7096296750510678,
                "k_BH": -4.2623057691007,
                "J_oiEdeath_0": 3.8250636760119514,
                "BH_max": -0.7971887222390235,
                "t_ART_add": 0.7471909695106027
            },
            "best_score": 7.455726962678385,
            "best_params": {
                "Hkt_init": -0.43633261933418727,
                "M": 3.0388229132168925,
                "k_E_infect": -5.137104316180832,
                "k_iE_rupture": -0.014858644354201478,
                "k_M_death": 1.1790948017971228,
                "I0_death_iE": -4.630132434053376,
                "hill": 0.45076282256590294,
                "t_oiE_death": 0.9953016363062345,
                "k_BH": -3.7481290303570765,
                "J_oiEdeath_0": 3.899165100162543,
                "BH_max": -0.866969331229136,
                "t_ART_add": 0.47712125471966244
            }
        },
        {
            "index": 3,
            "initial_guess": {
                "Hkt_init": -0.4127110503546022,
                "M": 4.316991074135928,
                "k_E_infect": -6.274353236753048,
                "k_iE_rupture": 0.1353538955520559,
                "k_M_death": 2.2939055599295646,
                "I0_death_iE": -4.492364062165726,
                "hill": 0.41984752174369877,
                "t_oiE_death": 1.0116709338202088,
                "k_BH": -2.8222709910628185,
                "J_oiEdeath_0": 3.881679667439467,
                "BH_max": -1.2119585831514463,
                "t_ART_add": 1.1576612130860435
            },
            "best_score": 7.455726962678385,
            "best_params": {
                "Hkt_init": -0.3265946188423894,
                "M": 3.643476482243569,
                "k_E_infect": -7.293318610750662,
                "k_iE_rupture": 0.15679411360904782,
                "k_M_death": 1.3708443909592911,
                "I0_death_iE": -3.3255776979118776,
                "hill": 0.20587865113350223,
                "t_oiE_death": 1.0893878727068007,
                "k_BH": -2.658035164755707,
                "J_oiEdeath_0": 3.811192053920716,
                "BH_max": -0.7294660560907088,
                "t_ART_add": 0.47712125471966244
            }
        },
        {
            "index": 4,
            "initial_guess": {
                "Hkt_init": -0.2973252474997137,
                "M": 4.572036316182758,
                "k_E_infect": -7.874725786713244,
                "k_iE_rupture": -0.4166586502356381,
                "k_M_death": 0.027596287167919772,
                "I0_death_iE": -5.232499018660077,
                "hill": 0.2937602136268944,
                "t_oiE_death": 1.1676052641396608,
                "k_BH": -3.5662806620109406,
                "J_oiEdeath_0": 3.76464339263205,
                "BH_max": -2.2983691995634916,
                "t_ART_add": 1.0730203822046758
            },
            "best_score": 7.456099306584915,
            "best_params": {
                "Hkt_init": -0.4410333984001743,
                "M": 2.659039182332741,
                "k_E_infect": -5.657082779349369,
                "k_iE_rupture": 0.7101165514114594,
                "k_M_death": 0.11119739701089904,
                "I0_death_iE": -5.759976529285186,
                "hill": 0.06689894908498517,
                "t_oiE_death": 0.9116689991279643,
                "k_BH": -2.531542874443615,
                "J_oiEdeath_0": 3.793041514652051,
                "BH_max": -0.5531400044538125,
                "t_ART_add": 0.4771277716075822
            }
        }
    ]
}