{
    "metadata": {
        "description": "alle scores 2.4 aber kein guter fit beim plotten",
        "algorithm": "differential_evolution",
        "patient": 36
    },


    "results": [
        {
            "index": 0,
            "initial_guess": {
                "M": 4.89214713663579,
                "k_E_infect": -7.2385804768437225,
                "k_iE_rupture": 0.05055640650739468,
                "k_M_death": 2.9316857914399828,
                "param1_Pdeath": -2.488078574264282,
                "param2_Pdeath": -0.4024535377048273,
                "I0_iE": -5.45169384156681,
                "I0_death_iE": -5.577096273507532,
                "Imax_iE": 2.7414173309232748,
                "hill": 0.24806860921469173,
                "ID50": 0.9375764305349257,
                "t_oiE_death": 0.8802123038287661,
                "k_BH": -2.9340619862516393,
                "J_oiEdeath_0": 3.9464501427979126,
                "BH_max": -0.48763006788669605,
                "t_ART_add": 1.219938538237816
            },
            "best_score": 4.237080983027938,
            "best_params": {
                "M": 4.744148306462082,
                "k_E_infect": -7.7848985211752195,
                "k_iE_rupture": -0.005217424082590405,
                "k_M_death": 0.7202277509214104,
                "param1_Pdeath": -4.192292111032661,
                "param2_Pdeath": -1.9605151512736614,
                "I0_iE": -3.251242006438769,
                "I0_death_iE": -4.400993807667261,
                "Imax_iE": 2.0360266077453524,
                "hill": 0.44816216382269614,
                "ID50": 2.04054439717541,
                "t_oiE_death": 0.8318202564652111,
                "k_BH": -2.382913801000722,
                "J_oiEdeath_0": 3.8243884909175425,
                "BH_max": 0.37752678940747053,
                "t_ART_add": 0.830330940802319
            },
            "termination_cause": "Maximum number of iterations has been exceeded.",
            "estimation_duration": 2420.3807830810547
        },
        {
            "index": 1,
            "initial_guess": {
                "M": 3.2833845519103595,
                "k_E_infect": -6.130562751181336,
                "k_iE_rupture": -0.9805344467294078,
                "k_M_death": 1.331413315355316,
                "param1_Pdeath": -3.674825302096631,
                "param2_Pdeath": 0.1046634645971678,
                "I0_iE": -4.743429733772898,
                "I0_death_iE": -3.4863781616600757,
                "Imax_iE": 2.5727185471759126,
                "hill": 0.200131300512126,
                "ID50": 2.3535224436247284,
                "t_oiE_death": 0.8095333124238084,
                "k_BH": -3.545140179740386,
                "J_oiEdeath_0": 3.912864041599337,
                "BH_max": 0.01708819937106032,
                "t_ART_add": 0.7824223228784872
            },
            "best_score": 4.23708239779032,
            "best_params": {
                "M": 3.1420751644099676,
                "k_E_infect": -4.526271226210945,
                "k_iE_rupture": -0.18565266742749365,
                "k_M_death": 2.0270112525699795,
                "param1_Pdeath": -4.192076086341109,
                "param2_Pdeath": -0.32050055799849153,
                "I0_iE": -5.565391504154078,
                "I0_death_iE": -5.6718502873301215,
                "Imax_iE": 1.9556885786224374,
                "hill": 0.3125519702895851,
                "ID50": 1.3260895446475738,
                "t_oiE_death": 1.072704278083286,
                "k_BH": -3.012860820663576,
                "J_oiEdeath_0": 3.751213855616094,
                "BH_max": 0.3578391644093466,
                "t_ART_add": 0.8303252263889588
            },
            "termination_cause": "Maximum number of iterations has been exceeded.",
            "estimation_duration": 2761.081971883774
        },
        {
            "index": 2,
            "initial_guess": {
                "M": 3.8660855379529195,
                "k_E_infect": -6.795432722369377,
                "k_iE_rupture": -0.15229346199036953,
                "k_M_death": 0.18199126635979207,
                "param1_Pdeath": -4.7162290233123425,
                "param2_Pdeath": -0.8751197110380953,
                "I0_iE": -4.06376902294032,
                "I0_death_iE": -3.7231681774440615,
                "Imax_iE": 2.1980848253376246,
                "hill": 0.13839699454375295,
                "ID50": 2.936489092579351,
                "t_oiE_death": 0.95843749599325,
                "k_BH": -3.379185628900273,
                "J_oiEdeath_0": 3.9720487785588086,
                "BH_max": -1.2103009050055562,
                "t_ART_add": 1.0357772988304683
            },
            "best_score": 4.237084500307675,
            "best_params": {
                "M": 2.8966850468977956,
                "k_E_infect": -6.009775285967863,
                "k_iE_rupture": 0.2577729043699555,
                "k_M_death": 2.451644144720475,
                "param1_Pdeath": -4.879627522739262,
                "param2_Pdeath": -1.4528300458890142,
                "I0_iE": -3.614235544156421,
                "I0_death_iE": -4.791004585922268,
                "Imax_iE": 1.5165983575833115,
                "hill": 0.18785798839078643,
                "ID50": -0.8502438847355434,
                "t_oiE_death": 1.0710725881887695,
                "k_BH": -3.8325596484385,
                "J_oiEdeath_0": 3.8483990613424406,
                "BH_max": 0.0064966418379033275,
                "t_ART_add": 0.8303211606544809
            },
            "termination_cause": "Maximum number of iterations has been exceeded.",
            "estimation_duration": 2544.931948184967
        },
        {
            "index": 3,
            "initial_guess": {
                "M": 2.752109295434474,
                "k_E_infect": -6.992385040221591,
                "k_iE_rupture": -0.7558784848447011,
                "k_M_death": 1.9176763804230377,
                "param1_Pdeath": -3.354839917276047,
                "param2_Pdeath": -1.2670340148089105,
                "I0_iE": -3.5853683941281407,
                "I0_death_iE": -5.796188610666435,
                "Imax_iE": 0.6027009931640142,
                "hill": 0.48916330566297955,
                "ID50": 1.4215077396002376,
                "t_oiE_death": 0.7426717166713019,
                "k_BH": -3.9581825889881723,
                "J_oiEdeath_0": 3.786805950882347,
                "BH_max": -0.5259081846454379,
                "t_ART_add": 0.8643438443812451
            },
            "best_score": 4.237084432200226,
            "best_params": {
                "M": 4.006659976970329,
                "k_E_infect": -7.336599292261203,
                "k_iE_rupture": 0.23294265499411737,
                "k_M_death": 1.0117678452170196,
                "param1_Pdeath": -2.205701422091622,
                "param2_Pdeath": -0.8845956827007692,
                "I0_iE": -4.71768880830723,
                "I0_death_iE": -5.889146264359539,
                "Imax_iE": 1.6765071864841308,
                "hill": 0.4648870133009646,
                "ID50": 0.13160612724463272,
                "t_oiE_death": 0.8779621492925986,
                "k_BH": -4.2912812931840705,
                "J_oiEdeath_0": 3.7829983538934937,
                "BH_max": -0.7212116223170911,
                "t_ART_add": 0.8303406211340203
            },
            "termination_cause": "Maximum number of iterations has been exceeded.",
            "estimation_duration": 2532.609126806259
        },
        {
            "index": 4,
            "initial_guess": {
                "M": 2.1816448354856806,
                "k_E_infect": -4.711466155704531,
                "k_iE_rupture": 0.744552674527283,
                "k_M_death": 1.0208146263100373,
                "param1_Pdeath": -3.8657567866422067,