{
    "metadata": {
        "description": "k_P_death linear, ohne iE, 5x durchlauf, mit fixed update function, ohne hill",
        "algorithm": "differential_evolution",
        "patient": "36",
        "estimation_duration": 4111.719247817993
    },
    "results": [
        {
            "index": 0,
            "initial_guess": {
                "Hkt_init": -0.41777520543689395,
                "M": 4.113048864060568,
                "k_E_infect": -5.891964029892417,
                "k_iE_rupture": -0.7314707124770263,
                "k_M_death": 0.5222108772277692,
                "I0_death_iE": -5.405763560475839,
                "t_oiE_death": 1.1352798654268297,
                "k_BH": -3.7738236129400904,
                "J_oiEdeath_0": 3.9430853304881985,
                "BH_max": 1.1989333462989822,
                "t_ART_add": 0.5645612380167535
            },
            "best_score": 2.6358992742345384,
            "best_params": {
                "Hkt_init": -0.32858254946452453,
                "M": 2.555949390943657,
                "k_E_infect": -5.790147222625771,
                "k_iE_rupture": 0.22574217190699075,
                "k_M_death": 1.6870547962940716,
                "I0_death_iE": -5.704938038671703,
                "t_oiE_death": 1.0207629328411163,
                "k_BH": -2.6499057158926673,
                "J_oiEdeath_0": 3.9294560215396395,
                "BH_max": 0.45147703810779793,
                "t_ART_add": 0.5299239966122662
            },
            "termination_cause": "Maximum number of iterations has been exceeded."
        },
        {
            "index": 1,
            "initial_guess": {
                "Hkt_init": -0.3952396656944203,
                "M": 2.712283228258914,
                "k_E_infect": -5.731809302939252,
                "k_iE_rupture": -0.13171296781116604,
                "k_M_death": 2.373900998964232,
                "I0_death_iE": -4.355466429705157,
                "t_oiE_death": 0.7211811471850584,
                "k_BH": -2.5309855541066204,
                "J_oiEdeath_0": 3.800335275625266,
                "BH_max": 0.8840763496856252,
                "t_ART_add": 0.6905321722696928
            },
            "best_score": 2.5724276157558137,
            "best_params": {
                "Hkt_init": -0.32453214609172293,
                "M": 2.8845772053729357,
                "k_E_infect": -5.866169841800951,
                "k_iE_rupture": 0.05049801647566023,
                "k_M_death": 1.549207197602713,
                "I0_death_iE": -5.640017641503951,
                "t_oiE_death": 0.8984448110601186,
                "k_BH": -2.8467343499626336,
                "J_oiEdeath_0": 3.9520120409332837,
                "BH_max": 0.3482945042910538,
                "t_ART_add": 0.6020599918164145
            },
            "termination_cause": "Maximum number of iterations has been exceeded."
        },
        {
            "index": 2,
            "initial_guess": {
                "Hkt_init": -0.36562210839535225,
                "M": 3.4930919248166377,
                "k_E_infect": -5.642568653093225,
                "k_iE_rupture": -0.5413030242846337,
                "k_M_death": 1.1755290922087833,
                "I0_death_iE": -3.8898713401661276,
                "t_oiE_death": 0.7952378108358322,
                "k_BH": -2.8342752222569914,
                "J_oiEdeath_0": 3.704298525759614,
                "BH_max": 0.2890717239110068,
                "t_ART_add": 0.9928595963833833
            },
            "best_score": 2.4781583986953093,
            "best_params": {
                "Hkt_init": -0.3411069502611689,
                "M": 4.612349748004738,
                "k_E_infect": -5.790938192086089,
                "k_iE_rupture": 0.10763810658334053,
                "k_M_death": 1.777322147577486,
                "I0_death_iE": -4.806876341100601,
                "t_oiE_death": 0.8699037475108038,
                "k_BH": -2.864278813901858,
                "J_oiEdeath_0": 3.8066719728588816,
                "BH_max": -0.010593606498191126,
                "t_ART_add": 0.5156211232469443
            },
            "termination_cause": "Maximum number of iterations has been exceeded."
        },
        {
            "index": 3,
            "initial_guess": {
                "Hkt_init": -0.3344903915796229,
                "M": 2.2085958256265346,
                "k_E_infect": -5.942627228513653,
                "k_iE_rupture": 0.7339289254696735,
                "k_M_death": 2.8147862225863323,
                "I0_death_iE": -5.3800866384866595,
                "t_oiE_death": 1.0659472133971533,
                "k_BH": -3.344285519609172,
                "J_oiEdeath_0": 3.9148035458826547,
                "BH_max": -0.4068150896432273,
                "t_ART_add": 1.1671319974855872
            },
            "best_score": 2.3705288461590066,
            "best_params": {
                "Hkt_init": -0.2815795537048141,
                "M": 4.507733057952482,
                "k_E_infect": -5.620868377322831,
                "k_iE_rupture": 0.6751894172693285,
                "k_M_death": 2.201967080374275,
                "I0_death_iE": -5.213612747270872,
                "t_oiE_death": 1.1189897755223026,
                "k_BH": -3.568010678094712,
                "J_oiEdeath_0": 3.8278295341156654,
                "BH_max": -0.642005350603151,
                "t_ART_add": 0.513847718675688
            },
            "termination_cause": "Maximum number of iterations has been exceeded."
        },
        {
            "index": 4,
            "initial_guess": {
                "Hkt_init": -0.26603932450896906,
                "M": 4.510759404086858,
                "k_E_infect": -5.827377712336823,
                "k_iE_rupture": 0.4366294866580178,
                "k_M_death": 1.3033606284669217,
                "I0_death_iE": -3.099282369461992,
                "t_oiE_death": 0.8974686977749547,
                "k_BH": -4.03377506851899,
                "J_oiEdeath_0": 3.851726647259205,
                "BH_max": -0.12635113911198526,
                "t_ART_add": 0.8875877399940457
            },
            "best_score": 2.5541732398757033,
            "best_params": {
                "Hkt_init": -0.3044498244422948,
                "M": 4.6957540766704335,
                "k_E_infect": -5.89957538636562,
                "k_iE_rupture": -0.45123591668846263,
                "k_M_death": 1.3346419917452792,
                "I0_death_iE": -3.8367858339596412,
                "t_oiE_death": 0.8184738856240268,
                "k_BH": -3.089553556132029,
                "J_oiEdeath_0": 3.911636251904685,
                "BH_max": 0.40629845797842257,
                "t_ART_add": 0.5185839578074922
            },
            "termination_cause": "Maximum number of iterations has been exceeded."
        }
    ]
}