{
    "metadata": {
        "description": "k_P_death linear, oiE raus, LDH raus ",
        "algorithm": "differential_evolution",
        "patient": "36"
    },
    "results": [
        {
            "index": 0,
            "initial_guess": {
                "Hkt_init": -0.39646042127483655,
                "M": 4.216438214390905,
                "k_E_infect": -5.966246712024236,
                "k_iE_rupture": 0.06781450219208063,
                "k_M_death": 0.08597263188726545,
                "I0_death_iE": -4.989267483508645,
                "hill": 0.06156822542455609,
                "t_oiE_death": 0.9037406325691419,
                "k_BH": -2.391942192954425,
                "J_oiEdeath_0": 3.9331206608482536,
                "BH_max": -0.3214701587553499,
                "t_ART_add": 0.49612854538186374
            },
            "best_score": 0.7798370469687149,
            "best_params": {
                "Hkt_init": -0.4131477834565051,
                "M": 4.01874388566754,
                "k_E_infect": -5.855024709336776,
                "k_iE_rupture": -0.5396523515138352,
                "k_M_death": 1.5872418229658616,
                "I0_death_iE": -4.416693349176155,
                "hill": 0.31868263197015523,
                "t_oiE_death": 0.8482352828746604,
                "k_BH": -3.445909616722704,
                "J_oiEdeath_0": 3.864188973746031,
                "BH_max": 1.1824846487285434,
                "t_ART_add": 0.8899033312696238
            }
        }
    ]
}