{
    "metadata": {
        "description": "ohne iE fitten, mit Hkt init, weglassen von imax, Id50, param1death param2death",
        "algorithm": "differential_evolution",
        "patient": 36
    },
    "results": [
        {
            "index": 0,
            "initial_guess": {
                "Hkt_init": -0.29658041911211375,
                "M": 4.12566870399655,
                "k_E_infect": -5.280982386401299,
                "k_iE_rupture": 0.6323800599701759,
                "k_M_death": 0.901017065260109,
                "I0_death_iE": -4.722524574844382,
                "hill": 0.25049959352037443,
                "t_oiE_death": 0.8499408270730034,
                "k_BH": -3.3058494804298073,
                "J_oiEdeath_0": 3.9653509150234196,
                "BH_max": -0.22563064686130296,
                "t_ART_add": 0.9236108180712488
            },
            "best_score": 5.09311397611274,
            "best_params": {
                "Hkt_init": -0.27961709583276934,
                "M": 2.6154825890928866,
                "k_E_infect": -5.393061405785186,
                "k_iE_rupture": -0.441804790143984,
                "k_M_death": 1.2517990535335073,
                "I0_death_iE": -4.518096750890411,
                "hill": 0.00695776585311797,
                "t_oiE_death": 1.1388979587271797,
                "k_BH": -2.6449976180254726,
                "J_oiEdeath_0": 3.868396525724767,
                "BH_max": 0.5374372655503814,
                "t_ART_add": 0.8333807583425834
            }
        }
    ]
}