{
    "metadata": {
        "description": "alle scores 2.4 aber kein guter fit beim plotten",
        "algorithm": "differential_evolution",
        "patient": 36
    },

    "results": [
        {
            "index": 0,
            "initial_guess": {
                "M": 4.274796992707548,
                "k_E_infect": -4.3453259866149665,
                "k_iE_rupture": 0.9123495768257659,
                "k_M_death": 2.8945890058998778,
                "param1_Pdeath": -2.2728142142992906,
                "param2_Pdeath": 0.22527767475550942,
                "I0_iE": -3.4961276266912495,
                "I0_death_iE": -3.620646886429731,
                "Imax_iE": 0.813804383051598,
                "hill": 0.1484922342344385,
                "ID50": 1.117458061760702,
                "t_oiE_death": 0.8150409181498866,
                "k_BH": -3.7560285885582667,
                "J_oiEdeath_0": 3.847404670188493,
                "BH_max": -2.0705608184808604,
                "t_ART_add": 1.1357071142797324
            },
            "best_score": 4.237080983030585,
            "best_params": {
                "M": 3.497368180782484,
                "k_E_infect": -4.013425732704395,
                "k_iE_rupture": 0.5781023315303182,
                "k_M_death": 2.4544472384070426,
                "param1_Pdeath": -2.4424332682319045,
                "param2_Pdeath": 0.31055535726064076,
                "I0_iE": -4.745765027334385,
                "I0_death_iE": -4.537172871083192,
                "Imax_iE": 2.062628762296822,
                "hill": 0.2367228542272816,
                "ID50": 0.6869980173723662,
                "t_oiE_death": 0.7765957346624687,
                "k_BH": -2.5968149227539588,
                "J_oiEdeath_0": 3.9195233960600424,
                "BH_max": 0.3228044400247745,
                "t_ART_add": 0.8303309416450837
            },
            "termination_cause": "Maximum number of iterations has been exceeded.",
            "estimation_duration": 2279.0954751968384
        },
        {
            "index": 1,
            "initial_guess": {
                "M": 4.588318325242153,
                "k_E_infect": -5.720543867869031,
                "k_iE_rupture": -0.8969493480502029,
                "k_M_death": 0.6154135979999591,
                "param1_Pdeath": -4.54017135467602,
                "param2_Pdeath": -1.8118897559152238,
                "I0_iE": -5.89524714935417,
                "I0_death_iE": -3.5139784726814245,
                "Imax_iE": 2.7147384341512533,
                "hill": 0.44051867346520523,
                "ID50": 2.8905647155102683,
                "t_oiE_death": 0.9572533698883534,
                "k_BH": -3.5701839617876567,
                "J_oiEdeath_0": 3.9166145443580302,
                "BH_max": 0.08156510148415741,
                "t_ART_add": 0.8525285956601404
            },
            "best_score": 4.237088078182267,
            "best_params": {
                "M": 4.055980107223267,
                "k_E_infect": -5.746975621536218,
                "k_iE_rupture": 0.03760081801755488,
                "k_M_death": 2.394769378922596,
                "param1_Pdeath": -3.449771536065588,
                "param2_Pdeath": 0.1888271778523667,
                "I0_iE": -3.5159032921168096,
                "I0_death_iE": -4.855217623352865,
                "Imax_iE": 2.6246200231827017,
                "hill": 0.19200550558799037,
                "ID50": 0.6710622854235897,
                "t_oiE_death": 1.1275608332587284,
                "k_BH": -3.5164598837924523,
                "J_oiEdeath_0": 3.817574674927031,
                "BH_max": -0.7312130098487546,
                "t_ART_add": 0.8303448142217085
            },
            "termination_cause": "Maximum number of iterations has been exceeded.",
            "estimation_duration": 2428.608131170273
        },
        {
            "index": 2,
            "initial_guess": {
                "M": 2.589681614167211,
                "k_E_infect": -4.803667721188079,
                "k_iE_rupture": 0.10123182070571701,
                "k_M_death": 1.3063999344523571,
                "param1_Pdeath": -3.224677182119832,
                "param2_Pdeath": -0.7684781664780056,
                "I0_iE": -5.370699615241577,
                "I0_death_iE": -5.351511590009542,
                "Imax_iE": 2.208604714661095,
                "hill": 0.5517719513924785,
                "ID50": 1.5869010340303964,
                "t_oiE_death": 0.9056106604498491,
                "k_BH": -4.147369114997949,
                "J_oiEdeath_0": 3.7671892842012134,
                "BH_max": 0.6279065316436796,
                "t_ART_add": 0.6037508162222067
            },
            "best_score": 4.2370810887689725,
            "best_params": {
                "M": 3.4451322902313413,
                "k_E_infect": -7.609765944666237,
                "k_iE_rupture": -0.8438404748317068,
                "k_M_death": 1.527586042764527,
                "param1_Pdeath": -4.2856815256797205,
                "param2_Pdeath": -1.0355606570883644,
                "I0_iE": -5.403597297976148,
                "I0_death_iE": -3.8451418765497873,
                "Imax_iE": 1.774265599857682,
                "hill": 0.30717077650987706,
                "ID50": 1.3946734084291528,
                "t_oiE_death": 1.004384567721789,
                "k_BH": -2.4845934462986357,
                "J_oiEdeath_0": 3.75479168097357,
                "BH_max": -1.287800084803798,
                "t_ART_add": 0.8303292539371816
            },
            "termination_cause": "Maximum number of iterations has been exceeded.",
            "estimation_duration": 2355.2844388484955
        },
        {
            "index": 3,
            "initial_guess": {
                "M": 3.467066255344416,
                "k_E_infect": -7.753417005737299,
                "k_iE_rupture": 0.21019525807639683,
                "k_M_death": 1.9760674159082567,
                "param1_Pdeath": -3.9285533892002045,
                "param2_Pdeath": 0.6380107598317117,
                "I0_iE": -3.86992678316418,
                "I0_death_iE": -5.064601821063514,
                "Imax_iE": 2.0625874761811227,
                "hill": 0.33253095852019365,
                "ID50": -0.16728223900397965,
                "t_oiE_death": 0.8659829721273078,
                "k_BH": -4.061763814542886,
                "J_oiEdeath_0": 3.7533559364685805,
                "BH_max": 0.26180041333610315,
                "t_ART_add": 1.2280964817704012
            },
            "best_score": 4.237083300740742,
            "best_params": {
                "M": 2.8851497976322387,
                "k_E_infect": -6.68061890336732,
                "k_iE_rupture": 0.47167454022773514,
                "k_M_death": 1.2536872241317196,
                "param1_Pdeath": -3.9080871728790867,
                "param2_Pdeath": -1.5382042592404033,
                "I0_iE": -4.927119438443296,
                "I0_death_iE": -5.16058218928513,
                "Imax_iE": 2.154268036622506,
                "hill": 0.21612398860343404,
                "ID50": 0.828499805385587,
                "t_oiE_death": 1.1378957724463468,
                "k_BH": -4.100430838349073,
                "J_oiEdeath_0": 3.894407368459474,
                "BH_max": -0.9747185801016407,
                "t_ART_add": 0.8303230050631619
            },
            "termination_cause": "Maximum number of iterations has been exceeded.",
            "estimation_duration": 2480.8910462856293
        },
        {
            "index": 4,
            "initial_guess": {
                "M": 2.829773268730554,
                "k_E_infect": -4.662904912294088,
                "k_iE_rupture": -0.35037570368105864,
                "k_M_death": 2.543650745184083,
                "param1_Pdeath": -2.594624403846228,
                "param2_Pdeath": -1.1954621588278869,