{
    "metadata": {
        "description": "k_P_death linear, ohne iE, f\u00fcr thesis 10x ",
        "algorithm": "differential_evolution",
        "patient": "59",
        "estimation_duration": 1908.3029201030731
    },
    "results": [
        {
            "index": 0,
            "initial_guess": {
                "Hkt_init": -0.40978690415606406,
                "M": 3.235243388158252,
                "k_E_infect": -5.971870802744326,
                "k_iE_rupture": -0.22481408679669945,
                "k_M_death": 2.278437960232236,
                "I0_death_iE": -3.3091148815153266,
                "hill": 0.14432306808747766,
                "t_oiE_death": 1.0584962582359458,
                "k_BH": -2.465331850106254,
                "J_oiEdeath_0": 3.8538638402413423,
                "BH_max": 0.15083330625969116,
                "t_ART_add": 0.7094340720358783
            },
            "best_score": 7.454431397338012,
            "best_params": {
                "Hkt_init": -0.331698380294468,
                "M": 4.007911554463886,
                "k_E_infect": -5.646064930431024,
                "k_iE_rupture": 0.9722554831183523,
                "k_M_death": 1.2634761922727713,
                "I0_death_iE": -5.116474473114634,
                "hill": 0.56102323213797,
                "t_oiE_death": 1.157847906932784,
                "k_BH": -2.653304065916017,
                "J_oiEdeath_0": 3.837545702785051,
                "BH_max": 1.0993962910335322,
                "t_ART_add": 0.47712483025395913
            },
            "termination_cause": "Maximum number of iterations has been exceeded."
        },
        {
            "index": 1,
            "initial_guess": {
                "Hkt_init": -0.3958587924568906,
                "M": 3.8512961448221175,
                "k_E_infect": -5.958485908982607,
                "k_iE_rupture": 0.7534428915000704,
                "k_M_death": 1.0859545348016755,
                "I0_death_iE": -4.500609832709265,
                "hill": 0.3305244002978234,
                "t_oiE_death": 0.7701597045906801,
                "k_BH": -3.6054165233342244,
                "J_oiEdeath_0": 3.7879237429796335,
                "BH_max": 1.2595788605195086,
                "t_ART_add": 0.5225236389945003
            },
            "best_score": 7.454708059387516,
            "best_params": {
                "Hkt_init": -0.37757379087808923,
                "M": 4.295485679386578,
                "k_E_infect": -5.99611491658815,
                "k_iE_rupture": -0.3021557674258982,
                "k_M_death": 2.439115032697587,
                "I0_death_iE": -5.688447695135991,
                "hill": 0.19444052700972564,
                "t_oiE_death": 0.7919755728588289,
                "k_BH": -3.2728625727910567,
                "J_oiEdeath_0": 3.797632883960712,
                "BH_max": -0.06859420824278128,
                "t_ART_add": 0.47712967334374706
            },
            "termination_cause": "Maximum number of iterations has been exceeded."
        },
        {
            "index": 2,
            "initial_guess": {
                "Hkt_init": -0.307899912837182,
                "M": 3.623623921570891,
                "k_E_infect": -5.896120236935732,
                "k_iE_rupture": 0.9552042465096371,
                "k_M_death": 1.4188006082175932,
                "I0_death_iE": -5.529532843259702,
                "hill": 0.2773707332474322,
                "t_oiE_death": 0.8857645719019651,
                "k_BH": -3.709818608557681,
                "J_oiEdeath_0": 3.98351672626731,
                "BH_max": 1.0272505343858582,
                "t_ART_add": 0.5832745409338774
            },
            "best_score": 7.4542271594503156,
            "best_params": {
                "Hkt_init": -0.405246721573827,
                "M": 2.8010756027411374,
                "k_E_infect": -5.906595652882602,
                "k_iE_rupture": 0.5241234566340096,
                "k_M_death": 1.0125529174267287,
                "I0_death_iE": -3.5946916335437864,
                "hill": 0.11818831543992578,
                "t_oiE_death": 0.8629478557838223,
                "k_BH": -3.4205215784531013,
                "J_oiEdeath_0": 3.84674870425232,
                "BH_max": 0.8573766697555614,
                "t_ART_add": 0.47712125471966244
            },
            "termination_cause": "Maximum number of iterations has been exceeded."
        },
        {
            "index": 3,
            "initial_guess": {
                "Hkt_init": -0.44324357810227444,
                "M": 3.1478905636573367,
                "k_E_infect": -5.867480509682949,
                "k_iE_rupture": -0.40327455265754997,
                "k_M_death": 2.620349389321472,
                "I0_death_iE": -4.011693732153566,
                "hill": 0.029142906072562685,
                "t_oiE_death": 0.9864715417133166,
                "k_BH": -2.577147516895523,
                "J_oiEdeath_0": 3.699312957932201,
                "BH_max": -0.5051412281041596,
                "t_ART_add": 0.9844633615213854
            },
            "best_score": 7.4542271594503156,
            "best_params": {
                "Hkt_init": -0.4552877489128728,
                "M": 2.7285947500752954,
                "k_E_infect": -5.938080751809699,
                "k_iE_rupture": -0.6131388372397533,
                "k_M_death": 1.1664896155391982,
                "I0_death_iE": -5.319113353446363,
                "hill": 0.23642879939761108,
                "t_oiE_death": 0.7739921358844932,
                "k_BH": -4.035881557865138,
                "J_oiEdeath_0": 3.9147876435953637,
                "BH_max": 0.9184707102019656,
                "t_ART_add": 0.47712125471966244
            },
            "termination_cause": "Maximum number of iterations has been exceeded."
        },
        {
            "index": 4,
            "initial_guess": {
                "Hkt_init": -0.3616984488068412,
                "M": 4.304066997592762,
                "k_E_infect": -5.836456460484896,
                "k_iE_rupture": 0.14617072940607878,
                "k_M_death": 0.8687369518743602,
                "I0_death_iE": -3.8595611578977267,
                "hill": 0.4151797838104008,
                "t_oiE_death": 1.1332628096979886,
                "k_BH": -3.985767514247136,
                "J_oiEdeath_0": 3.9063927876218707,
                "BH_max": 0.7578462909371484,
                "t_ART_add": 0.8923895623992675
            },
            "best_score": 7.4542271594503156,
            "best_params": {
                "Hkt_init": -0.32300704356933435,
                "M": 4.460199687976531,
                "k_E_infect": -5.879512416446945,
                "k_iE_rupture": -0.03931690129339516,
                "k_M_death": 1.829647863670591,
                "I0_death_iE": -3.5308632810879415,
                "hill": 0.5623045205446855,
                "t_oiE_death": 0.8540665187144914,
                "k_BH": -2.6152008554610733,
                "J_oiEdeath_0": 3.917845086263639,
                "BH_max": 1.297757630211381,
                "t_ART_add": 0.47712125471966244
            },
            "termination_cause": "Maximum number of iterations has been exceeded."
        },
        {
            "index": 5,
            "initial_guess": {
                "Hkt_init": -0.26301568896552097,
                "M": 2.880426250825335,
                "k_E_infect": -5.744917803127386,
                "k_iE_rupture": -0.9955930527098776,
                "k_M_death": 2.844196563573788,
                "I0_death_iE": -5.18098234291968,
                "hill": 0.5861494561102273,
                "t_oiE_death": 0.8989181655569201,
                "k_BH": -4.20633309182784,
                "J_oiEdeath_0": 3.7921287507788692,
                "BH_max": -0.12734172711394576,
                "t_ART_add": 1.2390231661254836
            },