{
    "metadata": {
        "description": "mit Hkt init, weglassen von imax, Id50, param1death param2death",
        "algorithm": "differential_evolution",
        "patient": 36
    },
    "results": [
        {
            "index": 0,
            "initial_guess": {
                "Hkt_init": -0.38364227281487995,
                "M": 2.7101180841107535,
                "k_E_infect": -5.018786289276341,
                "k_iE_rupture": 0.8501148643984797,
                "k_M_death": 0.7508018049994885,
                "I0_iE": -3.374994088490416,
                "I0_death_iE": -4.868748588982502,
                "hill": 0.12030363025519268,
                "t_oiE_death": 1.15382212070138,
                "k_BH": -2.605578533508303,
                "J_oiEdeath_0": 3.727019461301903,
                "BH_max": 0.34518268861758017,
                "t_ART_add": 1.0276417222354024
            },
            "best_score": 4.237129209352685,
            "best_params": {
                "Hkt_init": -0.3929679577772455,
                "M": 2.422572977573381,
                "k_E_infect": -5.626919117065354,
                "k_iE_rupture": 0.13011361224777795,
                "k_M_death": 0.845764745825246,
                "I0_iE": -3.9728126507688373,
                "I0_death_iE": -4.707615852561332,
                "hill": 0.43080413138640034,
                "t_oiE_death": 0.7509010407555134,
                "k_BH": -3.7962025243217337,
                "J_oiEdeath_0": 3.8673331886945,
                "BH_max": 0.20779613375904393,
                "t_ART_add": 0.8303670028581518
            }
        }
    ]
}