{
    "metadata": {
        "description": "k_P_death linear, ohne iE, 5x durchlauf, mit fixed update function, ohne hill",
        "algorithm": "differential_evolution",
        "patient": "59",
        "estimation_duration": 2062.929690361023
    },
    "results": [
        {
            "index": 0,
            "initial_guess": {
                "Hkt_init": -0.32916875055001515,
                "M": 4.297631850264819,
                "k_E_infect": -5.820333919322782,
                "k_iE_rupture": -0.4557025498234982,
                "k_M_death": 1.5748206262102016,
                "I0_death_iE": -5.835060042636268,
                "t_oiE_death": 0.8688498149570326,
                "k_BH": -2.3699428912793867,
                "J_oiEdeath_0": 3.824892960367234,
                "BH_max": 0.3199524466798871,
                "t_ART_add": 0.7529065360944718
            },
            "best_score": 2.437763691409457,
            "best_params": {
                "Hkt_init": -0.40218241543812067,
                "M": 3.3347528746202517,
                "k_E_infect": -5.9169668816732655,
                "k_iE_rupture": -0.26098840671847395,
                "k_M_death": 1.5552022947001698,
                "I0_death_iE": -3.1566456124338673,
                "t_oiE_death": 1.0320176616399097,
                "k_BH": -2.9349233141285467,
                "J_oiEdeath_0": 3.853565496050335,
                "BH_max": -0.14243666772761732,
                "t_ART_add": 0.8456056711794865
            },
            "termination_cause": "Maximum number of iterations has been exceeded."
        },
        {
            "index": 1,
            "initial_guess": {
                "Hkt_init": -0.35087090180918135,
                "M": 2.420720260683038,
                "k_E_infect": -5.851182794768926,
                "k_iE_rupture": 0.7086267730053002,
                "k_M_death": 1.277437488786762,
                "I0_death_iE": -4.599383091833026,
                "t_oiE_death": 0.7624163625704652,
                "k_BH": -4.02796742128239,
                "J_oiEdeath_0": 3.770623046076972,
                "BH_max": 0.5778438336623966,
                "t_ART_add": 1.1698259302650047
            },
            "best_score": 2.2628942788931647,
            "best_params": {
                "Hkt_init": -0.4015084473158389,
                "M": 4.883547896336012,
                "k_E_infect": -5.673409969683572,
                "k_iE_rupture": 0.18097650631611598,
                "k_M_death": 2.1090657948254115,
                "I0_death_iE": -5.7484023769308665,
                "t_oiE_death": 0.965767312646029,
                "k_BH": -3.468997150385075,
                "J_oiEdeath_0": 3.95901139267305,
                "BH_max": 0.4925203704849635,
                "t_ART_add": 0.8556708337232718
            },
            "termination_cause": "Maximum number of iterations has been exceeded."
        },
        {
            "index": 2,
            "initial_guess": {
                "Hkt_init": -0.361523976198012,
                "M": 3.5692102367956258,
                "k_E_infect": -5.615896230991848,
                "k_iE_rupture": -0.9575713222635392,
                "k_M_death": 0.5507730315896529,
                "I0_death_iE": -4.017048897653469,
                "t_oiE_death": 1.0609555972023674,
                "k_BH": -4.295518937710168,
                "J_oiEdeath_0": 3.868785873556962,
                "BH_max": -0.04558645736016176,
                "t_ART_add": 0.6517599110202352
            },
            "best_score": 2.4411259429996393,
            "best_params": {
                "Hkt_init": -0.4000261487894803,
                "M": 4.457852892689964,
                "k_E_infect": -5.714358996995633,
                "k_iE_rupture": -0.6408013824525377,
                "k_M_death": 1.75636894518875,
                "I0_death_iE": -5.894180610487294,
                "t_oiE_death": 1.042254752124167,
                "k_BH": -2.8199849606030716,
                "J_oiEdeath_0": 3.8574147147936584,
                "BH_max": 0.35676975737129685,
                "t_ART_add": 0.8640673249588324
            },
            "termination_cause": "Maximum number of iterations has been exceeded."
        },
        {
            "index": 3,
            "initial_guess": {
                "Hkt_init": -0.40443874571913985,
                "M": 2.894093747951298,
                "k_E_infect": -5.681334793549884,
                "k_iE_rupture": 0.8933928388394812,
                "k_M_death": 2.28903056732203,
                "I0_death_iE": -3.826814089276822,
                "t_oiE_death": 0.8329560515878578,
                "k_BH": -3.4685370809611045,
                "J_oiEdeath_0": 3.9760609152369164,
                "BH_max": 1.0234673391900944,
                "t_ART_add": 1.0580873197236302
            },
            "best_score": 2.487261007634915,
            "best_params": {
                "Hkt_init": -0.4016129528603421,
                "M": 3.271623896121632,
                "k_E_infect": -5.635208016603001,
                "k_iE_rupture": -0.9783868717890626,
                "k_M_death": 1.25294761157685,
                "I0_death_iE": -5.106112846949006,
                "t_oiE_death": 0.9556524107296706,
                "k_BH": -2.428555116567056,
                "J_oiEdeath_0": 3.9746870388908206,
                "BH_max": -0.6933797488821862,
                "t_ART_add": 0.8682691440804616
            },
            "termination_cause": "Maximum number of iterations has been exceeded."
        },
        {
            "index": 4,
            "initial_guess": {
                "Hkt_init": -0.4395836265086504,
                "M": 2.2906969758051976,
                "k_E_infect": -5.963879228698918,
                "k_iE_rupture": -0.6428425987350146,
                "k_M_death": 1.1441927634742433,
                "I0_death_iE": -5.222770037384038,
                "t_oiE_death": 1.0046932443400707,
                "k_BH": -2.5942938853278026,
                "J_oiEdeath_0": 3.9537001569758394,
                "BH_max": 0.1882578521688011,
                "t_ART_add": 1.279674871542828
            },
            "best_score": 2.473695461589399,
            "best_params": {
                "Hkt_init": -0.37973848967856255,
                "M": 4.472366366815248,
                "k_E_infect": -5.869137925239012,
                "k_iE_rupture": -0.2957142408428526,
                "k_M_death": 1.79544533554285,
                "I0_death_iE": -3.825440242850639,
                "t_oiE_death": 1.1188824260141779,
                "k_BH": -2.668446367414296,
                "J_oiEdeath_0": 3.851390614534404,
                "BH_max": -0.21697561495064044,
                "t_ART_add": 0.8818387087771271
            },
            "termination_cause": "Maximum number of iterations has been exceeded."
        },
        {
            "index": 5,
            "initial_guess": {
                "Hkt_init": -0.2968672557532258,
                "M": 4.769331253739963,
                "k_E_infect": -5.9005011389465984,
                "k_iE_rupture": 0.20096059796833865,
                "k_M_death": 2.688291722110816,
                "I0_death_iE": -5.604811964556452,
                "t_oiE_death": 0.9476650179788326,
                "k_BH": -3.891287983225554,
                "J_oiEdeath_0": 3.9013953105917962,
                "BH_max": -0.5977354538507204,
                "t_ART_add": 0.8166810345744968
            },
            "best_score": 2.36101164957876,
            "best_params": {
                "Hkt_init": -0.3930459963409449,
                "M": 4.62252000241357,
                "k_E_infect": -5.970075275368457,
                "k_iE_rupture": 0.0163622404133236,
                "k_M_death": 1.7702138608685885,
                "I0_death_iE": -5.609193900739023,
                "t_oiE_death": 0.9941040988047487,
                "k_BH": -2.438100606437197,