{
    "metadata": {
        "description": "k_P_death linear, ohne iE, 1x durchlauf, mit fixed update function, ohne hill, paramTRPaging 1 und 3, paramPdeaths",
        "algorithm": "differential_evolution",
        "patient": "36",
        "estimation_duration": 21.54756498336792
    },
    "results": [
        {
            "index": 0,
            "initial_guess": {
                "Hkt_init": -0.2823360366623901,
                "M": 4.6431942181448544,
                "k_E_infect": -5.973006832697291,
                "k_iE_rupture": -0.046096982442956014,
                "k_M_death": 2.4974385416925045,
                "param1_Pdeath": -5.968211854154269,
                "param2_Pdeath": -1.0911322482037589,
                "I0_death_iE": -4.758260794578382,
                "t_oiE_death": 0.7506094314881505,
                "k_BH": -3.082271062649151,
                "J_oiEdeath_0": 3.892830765379103,
                "BH_max": 0.6208864064851936,
                "t_ART_add": 0.512110069479482,
                "param1_TRPaging": 1.1349869523551535,
                "param3_TRPaging": -2.1202831812636367
            },
            "error": "CVODE Error: CV_CONV_FAILURE: Convergence test failures occurred too many times (= MXNCF = 10) during one internal timestep or occurred with |h| = hmin.; In virtual double rr::CVODEIntegrator::integrate(double, double)"
        }
    ]
}