{
    "metadata": {
        "description": "k_P_death linear, ohne iE, ohne R ",
        "algorithm": "differential_evolution",
        "patient": "36",
        "estimation_duration": 1731.8200793266296
    },
    "results": [
        {
            "index": 0,
            "initial_guess": {
                "Hkt_init": -0.44731057918918493,
                "M": 2.294416804593158,
                "k_E_infect": -5.9928003593041765,
                "k_iE_rupture": 0.8488463474854517,
                "k_M_death": 2.970928254848961,
                "I0_death_iE": -4.566845602134679,
                "hill": 0.2671842328331298,
                "t_oiE_death": 1.0700362996178217,
                "k_BH": -2.4929109611406464,
                "J_oiEdeath_0": 3.7101715241179427,
                "BH_max": 0.15007184754116065,
                "t_ART_add": 0.934767844113658
            },
            "best_score": 4.275915419726863,
            "best_params": {
                "Hkt_init": -0.4138120337902874,
                "M": 2.671500927853729,
                "k_E_infect": -5.838343769292605,
                "k_iE_rupture": -0.8523350205595315,
                "k_M_death": 0.25996802748434056,
                "I0_death_iE": -3.409024973912288,
                "hill": 0.46253463124511374,
                "t_oiE_death": 1.0388954111771727,
                "k_BH": -2.9437833858287368,
                "J_oiEdeath_0": 3.913690812826149,
                "BH_max": 0.865566133494263,
                "t_ART_add": 0.832251604217719
            },
            "termination_cause": "Maximum number of iterations has been exceeded."
        }
    ]
}