{
    "metadata": {
        "description": "ohne iE fitten, switch boundary vergr\u00f6\u00dfert",
        "algorithm": "differential_evolution",
        "patient": "36"
    },
    "results": [
        {
            "index": 0,
            "initial_guess": {
                "Hkt_init": -0.3098981675345002,
                "M": 4.694405226950901,
                "k_E_infect": -5.8026467748206425,
                "k_iE_rupture": -0.3676439350984566,
                "k_M_death": 2.769946967098168,
                "I0_death_iE": -4.694508525339003,
                "hill": 0.33330353358958315,
                "t_oiE_death": 0.7965813710669015,
                "k_BH": -2.4411701107082107,
                "J_oiEdeath_0": 3.9300338422957912,
                "BH_max": -0.6176546624952381,
                "t_ART_add": 0.6180690241182586
            },
            "best_score": 5.093114084419939,
            "best_params": {
                "Hkt_init": -0.3013633102234532,
                "M": 2.8672926467310678,
                "k_E_infect": -5.811868287139436,
                "k_iE_rupture": -0.5503977698978078,
                "k_M_death": 1.6879811923777783,
                "I0_death_iE": -4.207076559926377,
                "hill": 0.530670327764434,
                "t_oiE_death": 0.7831153495269687,
                "k_BH": -3.509007778222749,
                "J_oiEdeath_0": 3.718139104216677,
                "BH_max": -0.04321096953932235,
                "t_ART_add": 0.8333783521296406
            }
        },
        {
            "index": 1,
            "initial_guess": {
                "Hkt_init": -0.41564649567143847,
                "M": 4.000948725965487,
                "k_E_infect": -5.9439073931642925,
                "k_iE_rupture": 0.8258746787221494,
                "k_M_death": 0.7222753195870688,
                "I0_death_iE": -4.919659318153595,
                "hill": 0.03707126290435399,
                "t_oiE_death": 0.9043010701042388,
                "k_BH": -3.3725038647142647,
                "J_oiEdeath_0": 3.946012758476243,
                "BH_max": 0.41856891526043727,
                "t_ART_add": 0.6596043697482886
            },
            "best_score": 5.0931148384606395,
            "best_params": {
                "Hkt_init": -0.41815521060204985,
                "M": 4.32114719574646,
                "k_E_infect": -5.9946507795297785,
                "k_iE_rupture": -0.35720737763545884,
                "k_M_death": 2.990675770297206,
                "I0_death_iE": -4.032560055482691,
                "hill": 0.5050464197956454,
                "t_oiE_death": 1.1568008961260647,
                "k_BH": -3.6232916404902413,
                "J_oiEdeath_0": 3.8276400302799125,
                "BH_max": 1.0005097849819986,
                "t_ART_add": 0.8333992292853613
            }
        },
        {
            "index": 2,
            "initial_guess": {
                "Hkt_init": -0.44519166207099076,
                "M": 3.0452465994916316,
                "k_E_infect": -5.858287963957018,
                "k_iE_rupture": -0.15805475749053033,
                "k_M_death": 2.01775757322111,
                "I0_death_iE": -3.2090939624637116,
                "hill": 0.4494510566839781,
                "t_oiE_death": 1.0503420174748226,
                "k_BH": -4.163434759871644,
                "J_oiEdeath_0": 3.716443539529105,
                "BH_max": 0.030435765104997126,
                "t_ART_add": 1.097229990609929
            },
            "best_score": 5.093113977430395,
            "best_params": {
                "Hkt_init": -0.3444580556968319,
                "M": 3.1415506829294326,
                "k_E_infect": -5.738200060757939,
                "k_iE_rupture": 0.5524264339949934,
                "k_M_death": 2.7616936464687356,
                "I0_death_iE": -3.503286683028932,
                "hill": 0.044089724212894754,
                "t_oiE_death": 1.0462960867668831,
                "k_BH": -3.9748648698024773,
                "J_oiEdeath_0": 3.9299734228828425,
                "BH_max": 0.21160408937638486,
                "t_ART_add": 0.8333815330796517
            }
        },
        {
            "index": 3,
            "initial_guess": {
                "Hkt_init": -0.27745264600901626,
                "M": 2.063849085221048,
                "k_E_infect": -5.7122942325469905,
                "k_iE_rupture": -0.9752975916304356,
                "k_M_death": 0.44789655076060164,
                "I0_death_iE": -4.163144490435738,
                "hill": 0.15040313581507533,
                "t_oiE_death": 0.7314014608211578,
                "k_BH": -2.7085907919542733,
                "J_oiEdeath_0": 3.7866789470884297,
                "BH_max": 1.0519150632998788,
                "t_ART_add": 0.8115786994103029
            },
            "best_score": 5.093114380607401,
            "best_params": {
                "Hkt_init": -0.3343458310257837,
                "M": 3.587574692088404,
                "k_E_infect": -5.67761876134207,
                "k_iE_rupture": -0.4199216426811283,
                "k_M_death": 2.0236764786879187,
                "I0_death_iE": -3.5708035872235935,
                "hill": 0.055690206224950634,
                "t_oiE_death": 0.9619118137241336,
                "k_BH": -2.608962824393811,
                "J_oiEdeath_0": 3.8786521054209557,
                "BH_max": 0.33588064193147704,
                "t_ART_add": 0.833368187637202
            }
        },
        {
            "index": 4,
            "initial_guess": {
                "Hkt_init": -0.3430419051342507,
                "M": 3.3398201713284594,
                "k_E_infect": -5.676829628652698,
                "k_iE_rupture": 0.40556644770339134,
                "k_M_death": 1.5217843329854532,
                "I0_death_iE": -5.80397087673993,
                "hill": 0.5297209722086414,
                "t_oiE_death": 1.1642139665835685,
                "k_BH": -3.585480538440216,
                "J_oiEdeath_0": 3.865942109211451,
                "BH_max": 0.6888060485996195,
                "t_ART_add": 1.1819831620873573
            },
            "best_score": 5.0931140696637005,
            "best_params": {
                "Hkt_init": -0.3189195222216881,
                "M": 3.732484764290275,
                "k_E_infect": -5.8912838573554565,
                "k_iE_rupture": -0.44345748165038046,
                "k_M_death": 0.5304610180970992,
                "I0_death_iE": -5.761220741574003,
                "hill": 0.1446710342182204,
                "t_oiE_death": 0.9606492963198731,
                "k_BH": -3.7740193135998856,
                "J_oiEdeath_0": 3.705283456390859,
                "BH_max": 0.2184090639009445,
                "t_ART_add": 0.8333807175495692
            }
        }
    ]
}