{
    "metadata": {
        "description": "ohne iE fitten, kEinfect boundaries vrekleinert",
        "algorithm": "differential_evolution",
        "patient": "36"
    },
    "results": [
        {
            "index": 0,
            "initial_guess": {
                "Hkt_init": -0.32782028842327526,
                "M": 4.859211494042537,
                "k_E_infect": -5.789232742591928,
                "k_iE_rupture": 0.5116973016941184,
                "k_M_death": 0.7818689200450575,
                "I0_death_iE": -4.076586908642206,
                "hill": 0.5683266472764288,
                "t_oiE_death": 0.9195461526298411,
                "k_BH": -2.4147739625791966,
                "J_oiEdeath_0": 3.9308357692924294,
                "BH_max": -0.28786163662011877,
                "t_ART_add": 0.593271506661905
            },
            "best_score": 5.093113991418198,
            "best_params": {
                "Hkt_init": -0.30150598441822174,
                "M": 4.857656276598632,
                "k_E_infect": -5.801267209864289,
                "k_iE_rupture": 0.2668863949712068,
                "k_M_death": 2.8032450812064775,
                "I0_death_iE": -4.608081081975395,
                "hill": 0.3715833484176018,
                "t_oiE_death": 0.9292408758036909,
                "k_BH": -2.7073129322282714,
                "J_oiEdeath_0": 3.7931823079229043,
                "BH_max": -0.624419278307225,
                "t_ART_add": 0.8333832686176073
            }
        },
        {
            "index": 1,
            "initial_guess": {
                "Hkt_init": -0.3646308321636619,
                "M": 2.8064598270301895,
                "k_E_infect": -5.745907216293078,
                "k_iE_rupture": -0.22487709509244302,
                "k_M_death": 1.400327334724536,
                "I0_death_iE": -5.714717057290042,
                "hill": 0.15822080238913452,
                "t_oiE_death": 0.9933167142961469,
                "k_BH": -3.845575639550898,
                "J_oiEdeath_0": 3.971231141695129,
                "BH_max": -2.245632729645835,
                "t_ART_add": 1.2982585571982772
            },
            "best_score": 5.093114200409264,
            "best_params": {
                "Hkt_init": -0.43522154980954253,
                "M": 3.7232769590237167,
                "k_E_infect": -5.678211440224634,
                "k_iE_rupture": 0.7969746437527037,
                "k_M_death": 0.32428965687260813,
                "I0_death_iE": -3.5118555921876204,
                "hill": 0.5495224712809381,
                "t_oiE_death": 1.1193031170490568,
                "k_BH": -2.8335510087475733,
                "J_oiEdeath_0": 3.7463542820111333,
                "BH_max": -0.656412194348697,
                "t_ART_add": 0.8333902090232931
            }
        },
        {
            "index": 2,
            "initial_guess": {
                "Hkt_init": -0.2940225286320327,
                "M": 3.475078724762221,
                "k_E_infect": -5.854142697791797,
                "k_iE_rupture": -0.9634714553047091,
                "k_M_death": 0.45333975103064866,
                "I0_death_iE": -3.038065419587631,
                "hill": 0.4173717195535255,
                "t_oiE_death": 1.0873647708675227,
                "k_BH": -3.1957241057158727,
                "J_oiEdeath_0": 3.8276807796313497,
                "BH_max": 0.25571519130671216,
                "t_ART_add": 1.0722916695907174
            },
            "best_score": 5.093113993963874,
            "best_params": {
                "Hkt_init": -0.4105754261429835,
                "M": 3.910139493014132,
                "k_E_infect": -5.691820040972963,
                "k_iE_rupture": 0.15827479031662106,
                "k_M_death": 0.845209118629105,
                "I0_death_iE": -5.602839447296139,
                "hill": 0.5333550622435794,
                "t_oiE_death": 1.0177839967557587,
                "k_BH": -3.005459113650158,
                "J_oiEdeath_0": 3.776966478806456,
                "BH_max": 0.2330061509551138,
                "t_ART_add": 0.8333781655809974
            }
        },
        {
            "index": 3,
            "initial_guess": {
                "Hkt_init": -0.4545168449567258,
                "M": 2.0021823826623635,
                "k_E_infect": -5.63445263041125,
                "k_iE_rupture": -0.08370049961837989,
                "k_M_death": 1.9123761328365525,
                "I0_death_iE": -4.393969225288231,
                "hill": 0.03637376547630654,
                "t_oiE_death": 0.7925941127398883,
                "k_BH": -3.0936745433927246,
                "J_oiEdeath_0": 3.7692898706304,
                "BH_max": -1.1495380102126602,
                "t_ART_add": 0.7712979043912023
            },
            "best_score": 5.0931172484430505,
            "best_params": {
                "Hkt_init": -0.27280339218954985,
                "M": 2.9428951518904176,
                "k_E_infect": -5.722383993999051,
                "k_iE_rupture": 0.12425915330149984,
                "k_M_death": 1.7775733605340929,
                "I0_death_iE": -4.020517001738735,
                "hill": 0.5839656649515739,
                "t_oiE_death": 0.871393538114324,
                "k_BH": -3.9105015063694015,
                "J_oiEdeath_0": 3.8934071840809272,
                "BH_max": 0.2360171467772023,
                "t_ART_add": 0.8334166620592105
            }
        },
        {
            "index": 4,
            "initial_guess": {
                "Hkt_init": -0.39016109431726775,
                "M": 3.8713730321688713,
                "k_E_infect": -5.927328371855942,
                "k_iE_rupture": 0.8774798675507374,
                "k_M_death": 2.8053378324774148,
                "I0_death_iE": -4.969951698792921,
                "hill": 0.2600117948452225,
                "t_oiE_death": 0.8732023573069257,
                "k_BH": -4.221792604158525,
                "J_oiEdeath_0": 3.7292734808911536,
                "BH_max": -0.9792036956741539,
                "t_ART_add": 0.9639670684454962
            },
            "best_score": 5.093115058874942,
            "best_params": {
                "Hkt_init": -0.4045126967028475,
                "M": 3.4718984357896567,
                "k_E_infect": -5.878041330818594,
                "k_iE_rupture": -0.2932280192465173,
                "k_M_death": 0.5296928151815674,
                "I0_death_iE": -4.316230310621723,
                "hill": 0.12697996025677363,
                "t_oiE_death": 0.8199296188993597,
                "k_BH": -3.7754069124472585,
                "J_oiEdeath_0": 3.904508092776436,
                "BH_max": -0.18282135326705728,
                "t_ART_add": 0.8333610102008367
            }
        }
    ]
}