{
    "metadata": {
        "description": "k_P_death linear, ohne iE, mit param1_P_death , param1pdeathgr\u00f6\u00dfere grenzen ",
        "algorithm": "differential_evolution",
        "patient": "36"
    },
    "results": [
        {
            "index": 0,
            "initial_guess": {
                "Hkt_init": -0.42946850300374523,
                "M": 4.439892020184744,
                "k_E_infect": -5.795869401101977,
                "k_iE_rupture": 0.026034209198477987,
                "k_M_death": 2.11230801435151,
                "param1_Pdeath": -1.0903269949051997,
                "I0_death_iE": -3.9367738109840547,
                "hill": 0.03647354247654009,
                "t_oiE_death": 0.8818853606328557,
                "k_BH": -3.8238785775736,
                "J_oiEdeath_0": 3.8050659633363093,
                "BH_max": 0.8308842543797008,
                "t_ART_add": 0.6366111827459604
            },
            "best_score": 5.000068745705374,
            "best_params": {
                "Hkt_init": -0.3503988679047033,
                "M": 4.3007662698409925,
                "k_E_infect": -5.983334715700251,
                "k_iE_rupture": -0.5740680056345856,
                "k_M_death": 1.146344655703873,
                "param1_Pdeath": -2.2094688708001966,
                "I0_death_iE": -5.673529471656549,
                "hill": 0.42488667802842633,
                "t_oiE_death": 1.0434574324545276,
                "k_BH": -2.5235801210967193,
                "J_oiEdeath_0": 3.9350977744313327,
                "BH_max": 0.3225495360430206,
                "t_ART_add": 0.8333305001040071
            }
        }
    ]
}