{
    "metadata": {
        "description": "k_P_death linear, switch ist 0",
        "algorithm": "differential_evolution",
        "patient": "59"
    },
    "results": [
        {
            "index": 0,
            "initial_guess": {
                "Hkt_init": -0.43720173993311706,
                "M": 2.298241959647294,
                "k_E_infect": -5.99906482863103,
                "k_iE_rupture": 0.6630470505017072,
                "k_M_death": 0.48030946101904326,
                "I0_death_iE": -5.924882941739979,
                "hill": 0.40244337382949025,
                "t_oiE_death": 0.8106794751037604,
                "k_BH": -3.855647929837394,
                "J_oiEdeath_0": 3.804140821747194,
                "t_ART_add": 0.49696946564133776
            },
            "best_score": 7.457502091996989,
            "best_params": {
                "Hkt_init": -0.3008339770217621,
                "M": 2.812781538482855,
                "k_E_infect": -5.801532409976408,
                "k_iE_rupture": -0.41944515826807804,
                "k_M_death": 0.9276959718497815,
                "I0_death_iE": -4.159185589547118,
                "hill": 0.17098635607448986,
                "t_oiE_death": 0.7885750382607308,
                "k_BH": -3.6844283917973892,
                "J_oiEdeath_0": 3.8013271186923143,
                "t_ART_add": 0.4771260480391889
            }
        }
    ]
}