{
    "metadata": {
        "description": "alle scores hoch höher als 600, mit param k_iE_kill_proportions",
        "algorithm": "differential_evolution",
        "patient": 36
    },

    "results": [
        {
            "index": 0,
            "initial_guess": {
                "M": 2.9454848089512384,
                "k_R_death": -6.9013352795776814,
                "k_E_infect": -4.283887990848582,
                "k_iE_rupture": 0.2808940996416134,
                "param1_Pdeath": -2.2796936698695784,
                "param2_Pdeath": 0.46330121803130897,
                "I0_iE": -5.58685873665315,
                "I0_death_oiE": -5.7321695763309375,
                "Imax_iE": 2.8959744319404983,
                "hill": 0.23207791250521223,
                "ID50": 2.3461468374875976,
                "t_oiE_death": 0.9479024736628288,
                "t_halb_LDH_decay": 0.9927036633174922,
                "k_BH": -3.7455960774872636,
                "J_oiEdeath_0": 3.872550756689158,
                "BH_max": -1.6894100153787432,
                "t_ART_add": 0.9821060172634131,
                "k_iE_kill_proportion": -2.5675806372375503
            },
            "best_score": 636.8378056160064,
            "best_params": {
                "M": 3.754248064360404,
                "k_R_death": -4.083364211590248,
                "k_E_infect": -6.022258203877215,
                "k_iE_rupture": 0.8870923627731082,
                "param1_Pdeath": -3.9727537994763,
                "param2_Pdeath": -1.1854830764840107,
                "I0_iE": -5.260428526497368,
                "I0_death_oiE": -3.750237177931912,
                "Imax_iE": 2.6352699505372756,
                "hill": 0.03991824800677651,
                "ID50": -0.1858509674279707,
                "t_oiE_death": 0.7489523872473639,
                "t_halb_LDH_decay": 0.457107627985787,
                "k_BH": -3.66206773146654,
                "J_oiEdeath_0": 3.9000839356078942,
                "BH_max": 0.6614472192667862,
                "t_ART_add": 0.5929368924422413,
                "k_iE_kill_proportion": -0.45787905407235363
            }
        },
        {
            "index": 1,
            "initial_guess": {
                "M": 4.388435210092325,
                "k_R_death": -4.473726564452563,
                "k_E_infect": -4.596369420207188,
                "k_iE_rupture": 0.6538685776573121,
                "param1_Pdeath": -3.4916795908024847,
                "param2_Pdeath": -1.657497032966071,
                "I0_iE": -5.72262605292107,
                "I0_death_oiE": -3.5002579023448135,
                "Imax_iE": 1.4947489934983196,
                "hill": 0.44193991909549796,
                "ID50": 2.651276620420288,
                "t_oiE_death": 1.0438505383865677,
                "t_halb_LDH_decay": 0.6947253738541359,
                "k_BH": -3.9525355225067282,
                "J_oiEdeath_0": 3.7489311165204087,
                "BH_max": -2.195775840276597,
                "t_ART_add": 0.8946969656638737,
                "k_iE_kill_proportion": -1.1188239780396885
            },
            "best_score": 636.8378056269926,
            "best_params": {
                "M": 2.9042309038834344,
                "k_R_death": -5.648822864378621,
                "k_E_infect": -4.920586792565979,
                "k_iE_rupture": 0.5537306444626471,
                "param1_Pdeath": -2.52224110945052,
                "param2_Pdeath": 0.5560746513105719,
                "I0_iE": -3.1386100030384942,
                "I0_death_oiE": -4.258936651228078,
                "Imax_iE": 2.597293239169049,
                "hill": 0.4959979370097459,
                "ID50": 0.26361035402836075,
                "t_oiE_death": 1.022882291758448,
                "t_halb_LDH_decay": 0.6033463163374487,
                "k_BH": -3.0451972022003178,
                "J_oiEdeath_0": 3.8395831484519825,
                "BH_max": 0.6077242480718605,
                "t_ART_add": 0.7532414455933725,
                "k_iE_kill_proportion": -0.4578828323727486
            }
        },
        {
            "index": 2,
            "initial_guess": {
                "M": 4.62866758240056,
                "k_R_death": -5.889927862482498,
                "k_E_infect": -5.308836160719608,
                "k_iE_rupture": -0.679862851534466,
                "param1_Pdeath": -3.1954397226635063,
                "param2_Pdeath": -1.9692183186373495,
                "I0_iE": -3.3382356694465267,
                "I0_death_oiE": -3.1513242940101014,
                "Imax_iE": 2.6537409779505214,
                "hill": 0.5346980222646618,
                "ID50": 1.0342985963005176,
                "t_oiE_death": 0.9056155843553397,
                "t_halb_LDH_decay": 0.42269334809100256,
                "k_BH": -2.7190714039573995,
                "J_oiEdeath_0": 3.811409684866602,
                "BH_max": -0.7763055523566105,
                "t_ART_add": 1.2376203532134924,
                "k_iE_kill_proportion": -0.5956222782158651
            },
            "best_score": 636.8378056156953,
            "best_params": {
                "M": 3.3132598340344437,
                "k_R_death": -5.271470960350441,
                "k_E_infect": -7.014943757599714,
                "k_iE_rupture": 0.3232343846153132,
                "param1_Pdeath": -3.866073906596324,
                "param2_Pdeath": -1.0668610379261154,
                "I0_iE": -3.841842453776078,
                "I0_death_oiE": -4.906575225769389,
                "Imax_iE": 0.7622571338758433,
                "hill": 0.20194865333751588,
                "ID50": 0.7840575368713116,
                "t_oiE_death": 0.7050216106251654,
                "t_halb_LDH_decay": 0.39847431859188065,
                "k_BH": -2.397742526973354,
                "J_oiEdeath_0": 3.8516871615507187,
                "BH_max": -0.6945070797775349,
                "t_ART_add": 1.1248499033169264,
                "k_iE_kill_proportion": -0.45787523979768774
            }
        },
        {
            "index": 3,
            "initial_guess": {
                "M": 3.7549841285931964,
                "k_R_death": -6.2115064701951335,
                "k_E_infect": -6.956773388100662,
                "k_iE_rupture": 0.4029467188917213,
                "param1_Pdeath": -2.4432889982510186,
                "param2_Pdeath": -1.2126972145275032,
                "I0_iE": -3.1361832582602487,
                "I0_death_oiE": -4.490891709762625,
                "Imax_iE": 1.660690819695002,
                "hill": 0.26600027252663866,
                "ID50": 2.1278868695605087,
                "t_oiE_death": 1.0103032607295104,
                "t_halb_LDH_decay": 0.805917237165733,
                "k_BH": -4.141483976374286,
                "J_oiEdeath_0": 3.999563766221589,
                "BH_max": -1.9829234771940676,
                "t_ART_add": 1.214112970865368,
                "k_iE_kill_proportion": -1.8820810212800239
            },
            "best_score": 636.8378056157555,
            "best_params": {
                "M": 3.3963959871466276,
                "k_R_death": -4.337365305761972,
                "k_E_infect": -5.676614245515417,
                "k_iE_rupture": -0.6074255689095833,
                "param1_Pdeath": -4.620570880048667,
                "param2_Pdeath": -1.1195815734141223,
                "I0_iE": -4.341483236865168,
                "I0_death_oiE": -4.661838050530395,
                "Imax_iE": 1.8714560011800123,
                "hill": 0.5788108094929383,
                "ID50": 1.2232456694793892,
                "t_oiE_death": 0.8084513228319106,
                "t_halb_LDH_decay": 0.37016598827574126,
                "k_BH": -2.301569899438022,
                "J_oiEdeath_0": 3.9677535534285813,
                "BH_max": -0.9765836257236244,
                "t_ART_add": 1.146790927486084,