{
    "metadata": {
        "description": "k_P_death linear, nur Hb fitten",
        "algorithm": "differential_evolution",
        "patient": "36"
    },
    "results": [
        {
            "index": 0,
            "initial_guess": {
                "Hkt_init": -0.3159261795360496,
                "M": 3.280396580837718,
                "k_E_infect": -5.678630640264032,
                "k_iE_rupture": 0.5736989531473473,
                "k_M_death": 1.8153514937237833,
                "I0_death_iE": -3.4977723402179435,
                "hill": 0.5514660292740483,
                "t_oiE_death": 1.0084785591753884,
                "k_BH": -2.729250095648579,
                "J_oiEdeath_0": 3.912539558481426,
                "BH_max": -0.2621314547941427,
                "t_ART_add": 1.1427365789211952
            },
            "best_score": 0.019922621912783687,
            "best_params": {
                "Hkt_init": -0.44658003944651176,
                "M": 3.886641508830669,
                "k_E_infect": -5.93996546537751,
                "k_iE_rupture": -0.48290465924116877,
                "k_M_death": 0.8671705141933457,
                "I0_death_iE": -4.151805353618682,
                "hill": 0.22374005930763693,
                "t_oiE_death": 0.9916329608368344,
                "k_BH": -2.332053313949559,
                "J_oiEdeath_0": 3.871445124263157,
                "BH_max": 0.6384368635808069,
                "t_ART_add": 0.6780198269574791
            }
        }
    ]
}