{
    "metadata": {
        "description": "k_P_death linear, ohne iE, f\u00fcr thesis 10x ",
        "algorithm": "differential_evolution",
        "patient": "36",
        "estimation_duration": 1846.784339427948
    },
    "results": [
        {
            "index": 0,
            "initial_guess": {
                "Hkt_init": -0.38099140696927014,
                "M": 2.0929878391648598,
                "k_E_infect": -5.969750439700143,
                "k_iE_rupture": -0.6135441726906377,
                "k_M_death": 0.30084578896062397,
                "I0_death_iE": -5.20610420128719,
                "hill": 0.08408102355304589,
                "t_oiE_death": 0.9641336035289834,
                "k_BH": -3.2891701692983752,
                "J_oiEdeath_0": 3.9642246354994333,
                "BH_max": -0.46530695106430875,
                "t_ART_add": 1.1189044767499154
            },
            "best_score": 5.00006847961229,
            "best_params": {
                "Hkt_init": -0.32377920194667464,
                "M": 3.1899183991669737,
                "k_E_infect": -5.831354777620314,
                "k_iE_rupture": -0.2087360651387853,
                "k_M_death": 1.0521246787719685,
                "I0_death_iE": -3.579199367606561,
                "hill": 0.2573159737895895,
                "t_oiE_death": 0.7731108143643662,
                "k_BH": -2.6264489093787216,
                "J_oiEdeath_0": 3.931463178333613,
                "BH_max": -0.4094509429424499,
                "t_ART_add": 0.8333356593408955
            },
            "termination_cause": "Maximum number of iterations has been exceeded."
        },
        {
            "index": 1,
            "initial_guess": {
                "Hkt_init": -0.3098804526051868,
                "M": 4.828350137494793,
                "k_E_infect": -5.842456636413168,
                "k_iE_rupture": -0.9160015576404775,
                "k_M_death": 0.9692960196275875,
                "I0_death_iE": -3.366623871980062,
                "hill": 0.2732748394681922,
                "t_oiE_death": 0.9005919861934961,
                "k_BH": -4.298978239528782,
                "J_oiEdeath_0": 3.9280507412709538,
                "BH_max": -0.5819638909645457,
                "t_ART_add": 0.5438188051354698
            },
            "best_score": 5.000068521291049,
            "best_params": {
                "Hkt_init": -0.3777124251521419,
                "M": 3.2782525388628208,
                "k_E_infect": -5.760100066000619,
                "k_iE_rupture": 0.2671642269095069,
                "k_M_death": 1.4617834947169501,
                "I0_death_iE": -3.8337459393932325,
                "hill": 0.3357328675248176,
                "t_oiE_death": 1.0325728162547108,
                "k_BH": -2.320410930662815,
                "J_oiEdeath_0": 3.782976226749776,
                "BH_max": -0.327305858835957,
                "t_ART_add": 0.8333370623472857
            },
            "termination_cause": "Maximum number of iterations has been exceeded."
        },
        {
            "index": 2,
            "initial_guess": {
                "Hkt_init": -0.4467008607310543,
                "M": 3.771295407011511,
                "k_E_infect": -5.624980137330952,
                "k_iE_rupture": 0.9853860358257971,
                "k_M_death": 2.996265892771488,
                "I0_death_iE": -3.614115080270687,
                "hill": 0.055071884264594625,
                "t_oiE_death": 0.7551637595197496,
                "k_BH": -2.5094586705253143,
                "J_oiEdeath_0": 3.7863073014356385,
                "BH_max": 0.6141156288372527,
                "t_ART_add": 1.0203298341417049
            },
            "best_score": 5.000069948897737,
            "best_params": {
                "Hkt_init": -0.3110262994823762,
                "M": 2.5100407805168947,
                "k_E_infect": -5.852489887801795,
                "k_iE_rupture": -0.6620142839841923,
                "k_M_death": 1.2491961977724955,
                "I0_death_iE": -5.542754869603543,
                "hill": 0.4749063667640772,
                "t_oiE_death": 0.901087557894487,
                "k_BH": -3.2086117354540837,
                "J_oiEdeath_0": 3.884575101581414,
                "BH_max": 0.1586520117807797,
                "t_ART_add": 0.8333550424881893
            },
            "termination_cause": "Maximum number of iterations has been exceeded."
        },
        {
            "index": 3,
            "initial_guess": {
                "Hkt_init": -0.42781528908801303,
                "M": 3.058506726724346,
                "k_E_infect": -5.759245300845021,
                "k_iE_rupture": 0.035586163758218436,
                "k_M_death": 1.270471665219985,
                "I0_death_iE": -4.0519944180783485,
                "hill": 0.17738875293700532,
                "t_oiE_death": 0.8352648249563743,
                "k_BH": -3.7952082189737757,
                "J_oiEdeath_0": 3.884444963911101,
                "BH_max": 0.018504090793785677,
                "t_ART_add": 0.8725170664189462
            },
            "best_score": 5.000068412860132,
            "best_params": {
                "Hkt_init": -0.3411754573737181,
                "M": 2.431172951456228,
                "k_E_infect": -5.793936904490323,
                "k_iE_rupture": 0.1121787947634234,
                "k_M_death": 1.3069978890154668,
                "I0_death_iE": -4.32883847482152,
                "hill": 0.3831100630759007,
                "t_oiE_death": 0.9360696634643627,
                "k_BH": -4.172633347234435,
                "J_oiEdeath_0": 3.9522933963654245,
                "BH_max": 0.40789550433799704,
                "t_ART_add": 0.8333305142327226
            },
            "termination_cause": "Maximum number of iterations has been exceeded."
        },
        {
            "index": 4,
            "initial_guess": {
                "Hkt_init": -0.36763733072067584,
                "M": 4.675639800883349,
                "k_E_infect": -5.6819622105963585,
                "k_iE_rupture": 0.6300273417768376,
                "k_M_death": 2.176829645722476,
                "I0_death_iE": -5.719712299101497,
                "hill": 0.40193420743253844,
                "t_oiE_death": 0.9855534602673249,
                "k_BH": -2.8544217122731186,
                "J_oiEdeath_0": 3.7180877586485006,
                "BH_max": 0.8170291867425403,
                "t_ART_add": 1.2343813674872546
            },
            "best_score": 5.000068420777106,
            "best_params": {
                "Hkt_init": -0.4389500858006097,
                "M": 3.187182152149012,
                "k_E_infect": -5.995139243604218,
                "k_iE_rupture": 0.16055856643928634,
                "k_M_death": 1.6441109451432798,
                "I0_death_iE": -3.736100719224427,
                "hill": 0.4114497058660777,
                "t_oiE_death": 0.9659395654343683,
                "k_BH": -3.4451721891743605,
                "J_oiEdeath_0": 3.75584015352925,
                "BH_max": 0.151661608465825,
                "t_ART_add": 0.8333287926340819
            },
            "termination_cause": "Maximum number of iterations has been exceeded."
        },
        {
            "index": 5,
            "initial_guess": {
                "Hkt_init": -0.2620764089643872,
                "M": 3.9225953650798893,
                "k_E_infect": -5.894482808929556,
                "k_iE_rupture": -0.07819798546907175,
                "k_M_death": 2.4762103050761963,
                "I0_death_iE": -4.478168879061978,
                "hill": 0.21307977148174245,
                "t_oiE_death": 1.0372127898084549,
                "k_BH": -2.3340323633328808,
                "J_oiEdeath_0": 3.7429014704939827,
                "BH_max": 1.2159098708003786,
                "t_ART_add": 0.6333826888764312
            },