{
    "metadata": {
        "description": "k_P_death linear, ohne iE, 5x durchlauf, mit fixed update function, ohne hill",
        "algorithm": "differential_evolution",
        "patient": "59",
        "estimation_duration": 4600.718809604645
    },
    "results": [
        {
            "index": 0,
            "initial_guess": {
                "Hkt_init": -0.3092527566283354,
                "M": 3.907591054488825,
                "k_E_infect": -5.935355376014014,
                "k_iE_rupture": 0.5539561867890137,
                "k_M_death": 2.008047480323427,
                "I0_death_iE": -4.299968968284086,
                "t_oiE_death": 1.0983628685687254,
                "k_BH": -3.2353756363831594,
                "J_oiEdeath_0": 3.8548076731497303,
                "BH_max": 0.5263111680226482,
                "t_ART_add": 0.9391578330398545
            },
            "best_score": 2.4017140641943024,
            "best_params": {
                "Hkt_init": -0.40468150975182543,
                "M": 3.194536960482103,
                "k_E_infect": -5.82117647441284,
                "k_iE_rupture": 0.4925526149071824,
                "k_M_death": 1.932508772458517,
                "I0_death_iE": -5.403602414648475,
                "t_oiE_death": 0.9981193774748482,
                "k_BH": -2.761598057675107,
                "J_oiEdeath_0": 3.7681587243141874,
                "BH_max": -0.40204417148204796,
                "t_ART_add": 0.8621731672487328
            },
            "termination_cause": "Maximum number of iterations has been exceeded."
        },
        {
            "index": 1,
            "initial_guess": {
                "Hkt_init": -0.37794448658436175,
                "M": 2.512797324564543,
                "k_E_infect": -5.760967801823081,
                "k_iE_rupture": -0.323940521013918,
                "k_M_death": 2.6417630704719253,
                "I0_death_iE": -3.8829645187598816,
                "t_oiE_death": 0.9440658669175718,
                "k_BH": -4.205975643256716,
                "J_oiEdeath_0": 3.701670209647056,
                "BH_max": 1.0176266845246187,
                "t_ART_add": 0.5886945501649835
            },
            "best_score": 2.4469952119175833,
            "best_params": {
                "Hkt_init": -0.3994962457050412,
                "M": 3.1570085701633914,
                "k_E_infect": -5.819053250000249,
                "k_iE_rupture": -0.36801913434341205,
                "k_M_death": 1.5831394204986877,
                "I0_death_iE": -4.5803181909661435,
                "t_oiE_death": 1.047478644897174,
                "k_BH": -2.5786134945317993,
                "J_oiEdeath_0": 3.7274240636046603,
                "BH_max": -0.2783650117186216,
                "t_ART_add": 0.863903649281528
            },
            "termination_cause": "Maximum number of iterations has been exceeded."
        },
        {
            "index": 2,
            "initial_guess": {
                "Hkt_init": -0.27978572227190246,
                "M": 2.9655946226793857,
                "k_E_infect": -5.610819103676068,
                "k_iE_rupture": 0.14814374214897752,
                "k_M_death": 1.2886040331198232,
                "I0_death_iE": -5.8419668238455165,
                "t_oiE_death": 0.7489318738245418,
                "k_BH": -3.6335652423235496,
                "J_oiEdeath_0": 3.795929743263556,
                "BH_max": -0.42332099195027206,
                "t_ART_add": 1.2471229641729762
            },
            "best_score": 2.460865152094876,
            "best_params": {
                "Hkt_init": -0.40230826891959637,
                "M": 3.2942796636806766,
                "k_E_infect": -5.776240442443344,
                "k_iE_rupture": -0.7468635495477777,
                "k_M_death": 1.350180994047012,
                "I0_death_iE": -4.228793071181894,
                "t_oiE_death": 1.0728847797206982,
                "k_BH": -2.6313656929730196,
                "J_oiEdeath_0": 3.8156829343155625,
                "BH_max": -0.13367259153809355,
                "t_ART_add": 0.8569209764769247
            },
            "termination_cause": "Maximum number of iterations has been exceeded."
        },
        {
            "index": 3,
            "initial_guess": {
                "Hkt_init": -0.36389787631950815,
                "M": 4.520641232966658,
                "k_E_infect": -5.784396936045716,
                "k_iE_rupture": 0.750509804865469,
                "k_M_death": 0.34472562117740624,
                "I0_death_iE": -5.030735542846821,
                "t_oiE_death": 0.8596360583870193,
                "k_BH": -3.0108021061386836,
                "J_oiEdeath_0": 3.9012445174543298,
                "BH_max": -0.09151820730962368,
                "t_ART_add": 0.7502992375180249
            },
            "best_score": 2.4046381024107513,
            "best_params": {
                "Hkt_init": -0.3984702985024056,
                "M": 2.713577869518007,
                "k_E_infect": -5.62601306421751,
                "k_iE_rupture": 0.1982658215715491,
                "k_M_death": 2.022899094701208,
                "I0_death_iE": -3.89722865230673,
                "t_oiE_death": 1.0334495813541449,
                "k_BH": -2.6602527435874213,
                "J_oiEdeath_0": 3.851361706690523,
                "BH_max": 0.5480089657722694,
                "t_ART_add": 0.8450980405020576
            },
            "termination_cause": "Maximum number of iterations has been exceeded."
        },
        {
            "index": 4,
            "initial_guess": {
                "Hkt_init": -0.42660344414964596,
                "M": 3.560627249532734,
                "k_E_infect": -5.915362066905062,
                "k_iE_rupture": -0.681962863549336,
                "k_M_death": 1.1410145141533032,
                "I0_death_iE": -3.5531812556507463,
                "t_oiE_death": 0.9961921755369553,
                "k_BH": -2.431740182490521,
                "J_oiEdeath_0": 3.9838710736215392,
                "BH_max": 0.1923791182389053,
                "t_ART_add": 0.9896108532216039
            },
            "best_score": 2.4534603977863196,
            "best_params": {
                "Hkt_init": -0.39504147589809596,
                "M": 2.8366058490827606,
                "k_E_infect": -5.603905203870548,
                "k_iE_rupture": -0.5958604572856123,
                "k_M_death": 1.5904552609220792,
                "I0_death_iE": -5.678977673670145,
                "t_oiE_death": 1.1274509035132003,
                "k_BH": -3.8888352873255205,
                "J_oiEdeath_0": 3.813489509770562,
                "BH_max": -0.4740826375368703,
                "t_ART_add": 0.8625686125821596
            },
            "termination_cause": "Maximum number of iterations has been exceeded."
        }
    ]
}