{
    "metadata": {
        "description": "k_P_death sigmoid nichtmehr linear",
        "algorithm": "differential_evolution",
        "patient": "59"
    },
    "results": [
        {
            "index": 0,
            "initial_guess": {
                "Hkt_init": -0.42646923222518357,
                "M": 4.394115121123891,
                "k_E_infect": -5.756311107101738,
                "k_iE_rupture": -0.07943919382206066,
                "k_M_death": 2.448744090723493,
                "param1_Pdeath": 0.6576272723904966,
                "param2_Pdeath": -1.1483249022427273,
                "param3_Pdeath": 0.82800533703701,
                "I0_death_iE": -5.7622926931111556,
                "hill": 0.10320126399062197,
                "t_oiE_death": 0.88445881280731,
                "k_BH": -2.92975822263056,
                "J_oiEdeath_0": 3.859453628771357,
                "BH_max": 1.1420111742886518,
                "t_ART_add": 1.027151905535813
            },
            "best_score": 7.427874595393063,
            "best_params": {
                "Hkt_init": -0.39761754107282765,
                "M": 3.416854465279365,
                "k_E_infect": -5.961369917145483,
                "k_iE_rupture": -0.2732992921476365,
                "k_M_death": 1.488659634406461,
                "param1_Pdeath": -0.091590734049666,
                "param2_Pdeath": -1.3219725252602097,
                "param3_Pdeath": 0.9740067219027734,
                "I0_death_iE": -3.7354840572218544,
                "hill": 0.18191866529047745,
                "t_oiE_death": 0.7175998086825025,
                "k_BH": -3.2338308333706136,
                "J_oiEdeath_0": 3.938008112730166,
                "BH_max": -0.6019988922833095,
                "t_ART_add": 0.47712125471966244
            }
        },
        {
            "index": 1,
            "initial_guess": {
                "Hkt_init": -0.2871407167999614,
                "M": 3.266692210439766,
                "k_E_infect": -5.876430591568901,
                "k_iE_rupture": -0.2817343004936361,
                "k_M_death": 1.76401653089461,
                "param1_Pdeath": 1.7212339610205296,
                "param2_Pdeath": -0.9997438591396488,
                "param3_Pdeath": 1.1511881299044626,
                "I0_death_iE": -4.024635838301647,
                "hill": 0.5980618206633288,
                "t_oiE_death": 0.7700244977860761,
                "k_BH": -2.662746622813081,
                "J_oiEdeath_0": 3.9822672958041934,
                "BH_max": 0.7046374666946078,
                "t_ART_add": 1.1406371515601001
            },
            "best_score": 7.427874595393063,
            "best_params": {
                "Hkt_init": -0.34784656856470786,
                "M": 4.776573630811505,
                "k_E_infect": -5.698430704639275,
                "k_iE_rupture": -0.5380176243094327,
                "k_M_death": 2.2467106021102032,
                "param1_Pdeath": -1.351393641747435,
                "param2_Pdeath": 0.7764909599955001,
                "param3_Pdeath": 1.1903645492317225,
                "I0_death_iE": -4.994732074371384,
                "hill": 0.4131137314845753,
                "t_oiE_death": 1.026643372407108,
                "k_BH": -3.552381902609989,
                "J_oiEdeath_0": 3.7671431650125715,
                "BH_max": -0.19153353803069728,
                "t_ART_add": 0.47712125471966244
            }
        },
        {
            "index": 2,
            "initial_guess": {
                "Hkt_init": -0.33613291033790715,
                "M": 4.724546201545019,
                "k_E_infect": -5.62281130850836,
                "k_iE_rupture": 0.3442116668677013,
                "k_M_death": 2.300163263837735,
                "param1_Pdeath": -0.044918443460224555,
                "param2_Pdeath": 0.042129594747805754,
                "param3_Pdeath": 1.0192095756310127,
                "I0_death_iE": -4.308281829199186,
                "hill": 0.31557873179845825,
                "t_oiE_death": 1.125926975207936,
                "k_BH": -3.3195340178355344,
                "J_oiEdeath_0": 3.7648777962106195,
                "BH_max": -0.6489396480396197,
                "t_ART_add": 0.6675190679177404
            },
            "best_score": 7.427874595393063,
            "best_params": {
                "Hkt_init": -0.4006641498664614,
                "M": 4.305245311654817,
                "k_E_infect": -5.713173853821258,
                "k_iE_rupture": 0.5576471005731418,
                "k_M_death": 0.2443805946078581,
                "param1_Pdeath": 1.3789389171561872,
                "param2_Pdeath": -0.264643765471994,
                "param3_Pdeath": 0.820497056163677,
                "I0_death_iE": -4.726729237372284,
                "hill": 0.13578605993118426,
                "t_oiE_death": 0.9304909007936514,
                "k_BH": -2.468038417095415,
                "J_oiEdeath_0": 3.919766993412905,
                "BH_max": 0.5269244325219498,
                "t_ART_add": 0.47712125471966244
            }
        },
        {
            "index": 3,
            "initial_guess": {
                "Hkt_init": -0.4142133110938988,
                "M": 3.0274649238834197,
                "k_E_infect": -5.927393588212247,
                "k_iE_rupture": -0.9659285105707918,
                "k_M_death": 0.6482245705257479,
                "param1_Pdeath": -0.8662782267373228,
                "param2_Pdeath": 2.2979553877480763,
                "param3_Pdeath": 0.7585974981090055,
                "I0_death_iE": -4.903933432472515,
                "hill": 0.4164881163895831,
                "t_oiE_death": 1.0065100811234644,
                "k_BH": -3.948891982911317,
                "J_oiEdeath_0": 3.908128349305218,
                "BH_max": 0.14344844190547779,
                "t_ART_add": 0.5805786583348034
            },
            "best_score": 7.427998392368126,
            "best_params": {
                "Hkt_init": -0.35200460751028295,
                "M": 2.1414698438168545,
                "k_E_infect": -5.725202866204647,
                "k_iE_rupture": -0.2322766874468175,
                "k_M_death": 1.1046813282235304,
                "param1_Pdeath": -1.5696883876196432,
                "param2_Pdeath": -1.248034936192776,
                "param3_Pdeath": 0.8819820591690044,
                "I0_death_iE": -3.5368648061470784,
                "hill": 0.17449645443549658,
                "t_oiE_death": 1.0007716108086244,
                "k_BH": -3.074350777865647,
                "J_oiEdeath_0": 3.79682365760019,
                "BH_max": -0.13082407214002867,
                "t_ART_add": 0.4771234363650104
            }
        },
        {
            "index": 4,
            "initial_guess": {
                "Hkt_init": -0.3638928593137911,
                "M": 2.3146635381556075,
                "k_E_infect": -5.820845762306473,
                "k_iE_rupture": 0.8108567916325964,
                "k_M_death": 0.024354452567380377,
                "param1_Pdeath": -1.4229142037322353,
                "param2_Pdeath": 1.1236680782272148,
                "param3_Pdeath": 1.1253136824452423,
                "I0_death_iE": -3.2955351552476735,
                "hill": 0.13827268643180776,
                "t_oiE_death": 0.9668335373620642,
                "k_BH": -3.607532882112836,
                "J_oiEdeath_0": 3.7239338660222807,
                "BH_max": 0.09603096297099023,
                "t_ART_add": 0.922541942519607
            },
            "best_score": 7.427874595393063,
            "best_params": {
                "Hkt_init": -0.3237224417418059,
                "M": 4.159068454769843,
                "k_E_infect": -5.740075425946888,
                "k_iE_rupture": 0.5809748925089069,
                "k_M_death": 2.190526279459654,
                "param1_Pdeath": 0.5952440427972108,