{
    "metadata": {
        "description": "k_P_death linear, ohne iE, 10x durchlauf, mit fixed update function",
        "algorithm": "differential_evolution",
        "patient": "36",
        "estimation_duration": 1.0671489238739014
    },
    "results": [
        {
            "index": 0,
            "initial_guess": {
                "Hkt_init": -0.34459678367541574,
                "M": 4.100317088298222,
                "k_E_infect": -5.700564938983123,
                "k_iE_rupture": 0.17189140153090188,
                "k_M_death": 1.79581116423325,
                "I0_death_iE": -3.2435797829643853,
                "hill": 0.48926387696717843,
                "t_oiE_death": 0.9207544157291132,
                "k_BH": -4.003983560812001,
                "J_oiEdeath_0": 3.8290878089213405,
                "BH_max": 0.44025759737142556,
                "t_ART_add": 0.9852940478272645
            },
            "error": "CVODE Error: CV_CONV_FAILURE: Convergence test failures occurred too many times (= MXNCF = 10) during one internal timestep or occurred with |h| = hmin.; In ?integrate@CVODEIntegrator@rr@@UEAANNN@Z"
        },
        {
            "index": 1,
            "initial_guess": {
                "Hkt_init": -0.41698204752403467,
                "M": 2.072456615066446,
                "k_E_infect": -5.7923660787507085,
                "k_iE_rupture": -0.3846548117723765,
                "k_M_death": 0.9724787123456898,
                "I0_death_iE": -4.114015407956659,
                "hill": 0.019959221444015858,
                "t_oiE_death": 0.8616395785173141,
                "k_BH": -3.0330145594295166,
                "J_oiEdeath_0": 3.9327553483170172,
                "BH_max": 1.095404376821525,
                "t_ART_add": 0.6520613039457508
            },
            "error": "CVODE Error: CV_CONV_FAILURE: Convergence test failures occurred too many times (= MXNCF = 10) during one internal timestep or occurred with |h| = hmin.; In ?integrate@CVODEIntegrator@rr@@UEAANNN@Z"
        },
        {
            "index": 2,
            "initial_guess": {
                "Hkt_init": -0.29528949962191325,
                "M": 4.926747351794814,
                "k_E_infect": -5.664207402897096,
                "k_iE_rupture": 0.8110030588506174,
                "k_M_death": 1.492349861876784,
                "I0_death_iE": -4.9881745177568195,
                "hill": 0.17314499003197123,
                "t_oiE_death": 1.156271682874193,
                "k_BH": -4.253902633436405,
                "J_oiEdeath_0": 3.9759298371256033,
                "BH_max": 1.2642085674245767,
                "t_ART_add": 1.289273812305884
            },
            "error": "CVODE Error: CV_CONV_FAILURE: Convergence test failures occurred too many times (= MXNCF = 10) during one internal timestep or occurred with |h| = hmin.; In ?integrate@CVODEIntegrator@rr@@UEAANNN@Z"
        },
        {
            "index": 3,
            "initial_guess": {
                "Hkt_init": -0.3807975227249785,
                "M": 4.042029262288207,
                "k_E_infect": -5.755452927324107,
                "k_iE_rupture": -0.08733563767887742,
                "k_M_death": 1.8540804860935252,
                "I0_death_iE": -3.6362922276744607,
                "hill": 0.5863213395985117,
                "t_oiE_death": 0.7168822277497723,
                "k_BH": -3.8092982208271713,
                "J_oiEdeath_0": 3.7337008438809884,
                "BH_max": -0.4015772711291201,
                "t_ART_add": 0.8331392828580457
            },
            "error": "CVODE Error: CV_CONV_FAILURE: Convergence test failures occurred too many times (= MXNCF = 10) during one internal timestep or occurred with |h| = hmin.; In ?integrate@CVODEIntegrator@rr@@UEAANNN@Z"
        },
        {
            "index": 4,
            "initial_guess": {
                "Hkt_init": -0.4149968424597609,
                "M": 3.6193149782319223,
                "k_E_infect": -5.604874777179602,
                "k_iE_rupture": 0.32596778028644025,
                "k_M_death": 2.5505391000384288,
                "I0_death_iE": -4.669897333322556,
                "hill": 0.23256804798762212,
                "t_oiE_death": 0.841640374860156,
                "k_BH": -2.849174073247859,
                "J_oiEdeath_0": 3.9561777954532418,
                "BH_max": 0.1669768601874072,
                "t_ART_add": 0.9628817750517633
            },
            "error": "CVODE Error: CV_CONV_FAILURE: Convergence test failures occurred too many times (= MXNCF = 10) during one internal timestep or occurred with |h| = hmin.; In ?integrate@CVODEIntegrator@rr@@UEAANNN@Z"
        },
        {
            "index": 5,
            "initial_guess": {
                "Hkt_init": -0.2701848579550832,
                "M": 2.8769486684089967,
                "k_E_infect": -5.913109002976942,
                "k_iE_rupture": -0.9624236392305014,
                "k_M_death": 0.7363892958223226,
                "I0_death_iE": -5.62561645049752,
                "hill": 0.28086544754539433,
                "t_oiE_death": 0.9911155173896073,
                "k_BH": -2.431522088041391,
                "J_oiEdeath_0": 3.710807012020324,
                "BH_max": -0.5150154845479207,
                "t_ART_add": 1.0920031036351148
            },
            "error": "CVODE Error: CV_CONV_FAILURE: Convergence test failures occurred too many times (= MXNCF = 10) during one internal timestep or occurred with |h| = hmin.; In ?integrate@CVODEIntegrator@rr@@UEAANNN@Z"
        },
        {
            "index": 6,
            "initial_guess": {
                "Hkt_init": -0.31320058093817604,
                "M": 2.3633032308862267,
                "k_E_infect": -5.9821393159920975,
                "k_iE_rupture": -0.6581015498933428,
                "k_M_death": 0.14116301101413548,
                "I0_death_iE": -5.321063591117534,
                "hill": 0.3180300710194599,
                "t_oiE_death": 0.7790883649722811,
                "k_BH": -2.535537792313504,
                "J_oiEdeath_0": 3.861268268365724,
                "BH_max": 0.5413137391372314,
                "t_ART_add": 0.4896707370044116
            },
            "error": "CVODE Error: CV_CONV_FAILURE: Convergence test failures occurred too many times (= MXNCF = 10) during one internal timestep or occurred with |h| = hmin.; In ?integrate@CVODEIntegrator@rr@@UEAANNN@Z"
        },
        {
            "index": 7,
            "initial_guess": {
                "Hkt_init": -0.44448836705765893,
                "M": 4.404933803679638,
                "k_E_infect": -5.866911241917888,
                "k_iE_rupture": 0.6316809542350454,
                "k_M_death": 2.9577872706455226,
                "I0_death_iE": -3.3913026715044996,
                "hill": 0.4719909979489544,
                "t_oiE_death": 1.0379251485574426,
                "k_BH": -3.3402020827665475,
                "J_oiEdeath_0": 3.810855941992545,
                "BH_max": -0.016169075186522552,
                "t_ART_add": 1.1861433434106665
            },
            "error": "CVODE Error: CV_CONV_FAILURE: Convergence test failures occurred too many times (= MXNCF = 10) during one internal timestep or occurred with |h| = hmin.; In ?integrate@CVODEIntegrator@rr@@UEAANNN@Z"
        },
        {
            "index": 8,
            "initial_guess": {
                "Hkt_init": -0.3298976327168914,
                "M": 2.9009959306753803,
                "k_E_infect": -5.958163050087712,
                "k_iE_rupture": -0.4394668816312508,
                "k_M_death": 0.45543283797499345,
                "I0_death_iE": -5.829985985979231,
                "hill": 0.36441340013312834,
                "t_oiE_death": 0.9472722992413953,
                "k_BH": -3.1735203102104426,
                "J_oiEdeath_0": 3.7732970377632897,
                "BH_max": -0.14137441907592785,