{
    "metadata": {
        "description": "k_P_death linear, ohen iE  ",
        "algorithm": "differential_evolution",
        "patient": "59"
    },
    "results": [
        {
            "index": 0,
            "initial_guess": {
                "Hkt_init": -0.27978574658453703,
                "M": 3.8588527398357235,
                "k_E_infect": -5.865500247690057,
                "k_iE_rupture": -0.591022061779616,
                "k_M_death": 1.8664217035719797,
                "I0_death_iE": -4.947747486440315,
                "hill": 0.5364929971630341,
                "t_oiE_death": 0.9534217261520855,
                "k_BH": -2.320236828737598,
                "J_oiEdeath_0": 3.9541400195265473,
                "BH_max": 0.4196949180277598,
                "t_ART_add": 0.5265694653477057
            },
            "best_score": 7.463529899003998,
            "best_params": {
                "Hkt_init": -0.338186172950292,
                "M": 2.643868009664271,
                "k_E_infect": -5.671998223031513,
                "k_iE_rupture": 0.36996571859443805,
                "k_M_death": 0.06837788707352876,
                "I0_death_iE": -5.15015229721238,
                "hill": 0.17580014711760705,
                "t_oiE_death": 0.9118584934485323,
                "k_BH": -3.2460819023067895,
                "J_oiEdeath_0": 3.9732986208553904,
                "BH_max": -0.21306924261069304,
                "t_ART_add": 0.47728390139561
            }
        }
    ]
}