{
    "metadata": {
        "description": "k_P_death sigmoid nichtmehr linear",
        "algorithm": "differential_evolution",
        "patient": "36"
    },
    "results": [
        {
            "index": 0,
            "initial_guess": {
                "Hkt_init": -0.3463280681114692,
                "M": 4.723331844585596,
                "k_E_infect": -5.954115140814411,
                "k_iE_rupture": -0.1952673563368219,
                "k_M_death": 1.3914190848963597,
                "param1_Pdeath": 0.479889100166615,
                "param2_Pdeath": 1.269043921812954,
                "param3_Pdeath": 0.8163534773253075,
                "I0_death_iE": -3.3711806516631455,
                "hill": 0.5589048783668534,
                "t_oiE_death": 0.8498462778078563,
                "k_BH": -3.1797266147520524,
                "J_oiEdeath_0": 3.9247560068349725,
                "BH_max": 0.27109115095525416,
                "t_ART_add": 1.0145531152197758
            },
            "best_score": 4.728511912586973,
            "best_params": {
                "Hkt_init": -0.3584999880021818,
                "M": 2.471934145990705,
                "k_E_infect": -5.727460454176256,
                "k_iE_rupture": -0.2716804797506305,
                "k_M_death": 1.1382239101782523,
                "param1_Pdeath": -1.0047094061281554,
                "param2_Pdeath": 1.178035780042695,
                "param3_Pdeath": 0.9073719460531472,
                "I0_death_iE": -5.382368187942989,
                "hill": 0.2835096537687943,
                "t_oiE_death": 0.7403539415005412,
                "k_BH": -3.446700464968754,
                "J_oiEdeath_0": 3.890628410771193,
                "BH_max": 0.4760598652639334,
                "t_ART_add": 0.8337811508901359
            }
        },
        {
            "index": 1,
            "initial_guess": {
                "Hkt_init": -0.40700066347196234,
                "M": 4.11483066651329,
                "k_E_infect": -5.701299253364049,
                "k_iE_rupture": 0.35899599389445824,
                "k_M_death": 2.9124947170653597,
                "param1_Pdeath": -1.3472826514584237,
                "param2_Pdeath": 0.5635031027821804,
                "param3_Pdeath": 0.772770502439926,
                "I0_death_iE": -4.40282043356285,
                "hill": 0.3015196881808813,
                "t_oiE_death": 0.7799429289522816,
                "k_BH": -3.5857900521285204,
                "J_oiEdeath_0": 3.821755916811965,
                "BH_max": 0.5038626356954328,
                "t_ART_add": 0.6204969270458145
            },
            "best_score": 4.7285118100030346,
            "best_params": {
                "Hkt_init": -0.36991778955474347,
                "M": 4.693400087720617,
                "k_E_infect": -5.941396711609049,
                "k_iE_rupture": -0.7134082474508732,
                "k_M_death": 2.3432498315329755,
                "param1_Pdeath": -1.3637849000550948,
                "param2_Pdeath": -0.11920175525520071,
                "param3_Pdeath": 0.9208362204089519,
                "I0_death_iE": -3.9715172804848886,
                "hill": 0.23794742670980373,
                "t_oiE_death": 0.7169192839802279,
                "k_BH": -2.677062897142642,
                "J_oiEdeath_0": 3.8790890975865717,
                "BH_max": 0.6974322750575042,
                "t_ART_add": 0.8337719929929804
            }
        },
        {
            "index": 2,
            "initial_guess": {
                "Hkt_init": -0.4533326646337588,
                "M": 2.025804501528538,
                "k_E_infect": -5.808206225095548,
                "k_iE_rupture": -0.25398926810271905,
                "k_M_death": 1.0492699913406818,
                "param1_Pdeath": -0.5091206829825536,
                "param2_Pdeath": 2.6734303521551332,
                "param3_Pdeath": 1.0462512396762875,
                "I0_death_iE": -5.3801563416566065,
                "hill": 0.37861620525023226,
                "t_oiE_death": 0.9600512623564726,
                "k_BH": -4.254495192822078,
                "J_oiEdeath_0": 3.7238453481744327,
                "BH_max": -0.2379044781632496,
                "t_ART_add": 1.279075329085403
            },
            "best_score": 4.728511678109868,
            "best_params": {
                "Hkt_init": -0.3022931247655071,
                "M": 4.341102658973766,
                "k_E_infect": -5.924381166223276,
                "k_iE_rupture": 0.10501013870141573,
                "k_M_death": 1.3024999123879473,
                "param1_Pdeath": 1.7948216257031935,
                "param2_Pdeath": 1.4676930099644643,
                "param3_Pdeath": 0.820130609433841,
                "I0_death_iE": -4.819353411144005,
                "hill": 0.3591349483216771,
                "t_oiE_death": 0.7794196275247256,
                "k_BH": -4.022349438581283,
                "J_oiEdeath_0": 3.8030601521416565,
                "BH_max": 0.6915969265718738,
                "t_ART_add": 0.8337719989694836
            }
        },
        {
            "index": 3,
            "initial_guess": {
                "Hkt_init": -0.2953228333987738,
                "M": 3.102807806781009,
                "k_E_infect": -5.91800809682602,
                "k_iE_rupture": -0.8614777891876552,
                "k_M_death": 2.088838117485846,
                "param1_Pdeath": -0.2862807307023705,
                "param2_Pdeath": -0.552413035775543,
                "param3_Pdeath": 0.9945924179188086,
                "I0_death_iE": -3.693098917933795,
                "hill": 0.23645906819483872,
                "t_oiE_death": 1.024229789649722,
                "k_BH": -2.463098002137447,
                "J_oiEdeath_0": 3.986564726481231,
                "BH_max": 1.0222524520576382,
                "t_ART_add": 0.7576810364695109
            },
            "best_score": 4.728512470535319,
            "best_params": {
                "Hkt_init": -0.2756192219523972,
                "M": 2.277877778146218,
                "k_E_infect": -5.697407217043071,
                "k_iE_rupture": -0.8036842621450733,
                "k_M_death": 1.4548402029625744,
                "param1_Pdeath": 0.42794639764259834,
                "param2_Pdeath": 1.2590325725979952,
                "param3_Pdeath": 0.7315910100011085,
                "I0_death_iE": -3.427889285667932,
                "hill": 0.17918393543681732,
                "t_oiE_death": 1.1425487442804483,
                "k_BH": -3.9667040196171115,
                "J_oiEdeath_0": 3.970324993760384,
                "BH_max": 0.09578882537167388,
                "t_ART_add": 0.8337566398968281
            }
        },
        {
            "index": 4,
            "initial_guess": {
                "Hkt_init": -0.3145618681932768,
                "M": 3.6042792982036094,
                "k_E_infect": -5.623846727918556,
                "k_iE_rupture": 0.8772591346706975,
                "k_M_death": 0.13578103591920831,
                "param1_Pdeath": 1.7818204556541017,
                "param2_Pdeath": -1.1447389325465123,
                "param3_Pdeath": 1.2259090506724954,
                "I0_death_iE": -5.7853652574868955,
                "hill": 0.03693880989291656,
                "t_oiE_death": 1.1676908351745048,
                "k_BH": -2.9181028316007724,
                "J_oiEdeath_0": 3.795492236537395,
                "BH_max": -0.5704673437984247,
                "t_ART_add": 0.8343394979177811
            },
            "best_score": 4.728511678302526,
            "best_params": {
                "Hkt_init": -0.3998050244741838,
                "M": 3.819765755518138,
                "k_E_infect": -5.961876913471312,
                "k_iE_rupture": -0.4847190394638756,
                "k_M_death": 2.3561681141157518,
                "param1_Pdeath": -1.1792173238041581,