{
    "metadata": {
        "description": "k_P_death linear, oiE raus, LDH raus ",
        "algorithm": "differential_evolution",
        "patient": "59"
    },
    "results": [
        {
            "index": 0,
            "initial_guess": {
                "Hkt_init": -0.3147725814469303,
                "M": 3.7705717359633493,
                "k_E_infect": -5.657374348837171,
                "k_iE_rupture": -0.9515311047795003,
                "k_M_death": 2.982489680811729,
                "I0_death_iE": -3.597213689068984,
                "hill": 0.4505614002283381,
                "t_oiE_death": 0.9550538625075996,
                "k_BH": -3.289814302055194,
                "J_oiEdeath_0": 3.988045254537809,
                "BH_max": 0.1693412005421755,
                "t_ART_add": 0.9132595247459525
            },
            "best_score": 0.737084905055639,
            "best_params": {
                "Hkt_init": -0.30825813622326703,
                "M": 3.563203043941268,
                "k_E_infect": -5.622552295243178,
                "k_iE_rupture": -0.8166939241161226,
                "k_M_death": 1.5676537249396796,
                "I0_death_iE": -4.3585161993521275,
                "hill": 0.20848508460607648,
                "t_oiE_death": 0.9668597835045832,
                "k_BH": -2.96227782809758,
                "J_oiEdeath_0": 3.7779416835477733,
                "BH_max": 0.48732198140212146,
                "t_ART_add": 0.8778052032147795
            }
        }
    ]
}