{
    "metadata": {
        "description": "alle scores hoch über 600, mit param k_iE_kill_proportion",
        "algorithm": "differential_evolution",
        "patient": 36
    },

    "results": [
        {
            "index": 0,
            "initial_guess": {
                "M": 2.2946086664090832,
                "k_R_death": -3.0998304773046974,
                "k_E_infect": -6.998539268223735,
                "k_iE_rupture": 0.22425285878389323,
                "param1_Pdeath": -4.331813394486713,
                "param2_Pdeath": -1.7443493924770739,
                "I0_iE": -5.843930549295849,
                "I0_death_oiE": -5.490789831218307,
                "Imax_iE": 0.7342695749558534,
                "hill": 0.4974868011571772,
                "ID50": 2.1832990075374292,
                "t_oiE_death": 0.8854936484541038,
                "t_halb_LDH_decay": 0.8277635557215881,
                "k_BH": -4.2876817663053295,
                "J_oiEdeath_0": 3.889729355068376,
                "BH_max": -0.975787283818295,
                "t_ART_add": 1.0984471550887438,
                "k_iE_kill_proportion": -1.39153894833818
            },
            "best_score": 636.837805860283,
            "best_params": {
                "M": 3.2494967359870564,
                "k_R_death": -1.8061044912892417,
                "k_E_infect": -4.733168975899577,
                "k_iE_rupture": 0.5605409512799664,
                "param1_Pdeath": -3.120469040419959,
                "param2_Pdeath": -0.08783727964615384,
                "I0_iE": -4.258708646865745,
                "I0_death_oiE": -4.453785195300296,
                "Imax_iE": 0.7133216370181406,
                "hill": 0.3187685302446994,
                "ID50": 2.275378030171673,
                "t_oiE_death": 0.7489008900075157,
                "t_halb_LDH_decay": 0.522945086516027,
                "k_BH": -2.954813447071757,
                "J_oiEdeath_0": 3.7820960729622097,
                "BH_max": 0.10888811536807519,
                "t_ART_add": 0.9338559041699245,
                "k_iE_kill_proportion": -0.4577558406654548
            }
        },
        {
            "index": 1,
            "initial_guess": {
                "M": 2.617077555261498,
                "k_R_death": -3.2997890167695454,
                "k_E_infect": -5.49530432580304,
                "k_iE_rupture": 0.18768564621809003,
                "param1_Pdeath": -3.6902498210219132,
                "param2_Pdeath": 0.4065813299690353,
                "I0_iE": -4.969292502027239,
                "I0_death_oiE": -4.922525822495827,
                "Imax_iE": 1.4008061334017965,
                "hill": 0.5844824940580815,
                "ID50": 2.3384320709225035,
                "t_oiE_death": 0.7969668690895353,
                "t_halb_LDH_decay": 0.9244879528221772,
                "k_BH": -3.1853556726524053,
                "J_oiEdeath_0": 3.9271539836018015,
                "BH_max": -1.1290153555501823,
                "t_ART_add": 0.9079201734502038,
                "k_iE_kill_proportion": -0.16567401986743846
            },
            "best_score": 636.8378056156912,
            "best_params": {
                "M": 4.166637504767714,
                "k_R_death": -3.085365477052077,
                "k_E_infect": -7.982673951152741,
                "k_iE_rupture": 0.761210271674005,
                "param1_Pdeath": -3.3194098090526243,
                "param2_Pdeath": -1.7059090222698203,
                "I0_iE": -4.189526594164525,
                "I0_death_oiE": -3.4435036052028605,
                "Imax_iE": 2.649651617840732,
                "hill": 0.36771387914909065,
                "ID50": 0.9527239508255103,
                "t_oiE_death": 0.9350441529664475,
                "t_halb_LDH_decay": 0.7644334799346774,
                "k_BH": -2.446570970245591,
                "J_oiEdeath_0": 3.8369833208984128,
                "BH_max": -0.024319119260067357,
                "t_ART_add": 1.2573258600123678,
                "k_iE_kill_proportion": -0.45787490745755777
            }
        },
        {
            "index": 2,
            "initial_guess": {
                "M": 4.8839814728115725,
                "k_R_death": -1.2821531366360501,
                "k_E_infect": -5.8771953828902905,
                "k_iE_rupture": 0.6159980705962937,
                "param1_Pdeath": -4.054018186792494,
                "param2_Pdeath": 0.3401512004080973,
                "I0_iE": -4.703870997804601,
                "I0_death_oiE": -4.677003749461962,
                "Imax_iE": 2.1703809500719675,
                "hill": 0.0667753369004519,
                "ID50": 1.2159973100060921,
                "t_oiE_death": 1.1708554608249826,
                "t_halb_LDH_decay": 0.6464810905983092,
                "k_BH": -3.9701795997274685,
                "J_oiEdeath_0": 3.72825795826883,
                "BH_max": -0.2691041954214217,
                "t_ART_add": 1.2122699316288372,
                "k_iE_kill_proportion": -0.9639947352056697
            },
            "best_score": 636.837805675417,
            "best_params": {
                "M": 2.604362566923227,
                "k_R_death": -3.207237376689866,
                "k_E_infect": -6.746614253453369,
                "k_iE_rupture": 0.8938407941719251,
                "param1_Pdeath": -3.8851871088825805,
                "param2_Pdeath": -1.9833685482964754,
                "I0_iE": -5.7879337505224155,
                "I0_death_oiE": -4.874649605224493,
                "Imax_iE": 2.7762700925628527,
                "hill": 0.5761173248902629,
                "ID50": 0.7412398491299534,
                "t_oiE_death": 0.7426878818521552,
                "t_halb_LDH_decay": 0.47668855539017396,
                "k_BH": -3.997320457563732,
                "J_oiEdeath_0": 3.7699731916549664,
                "BH_max": -0.4757136327699044,
                "t_ART_add": 0.9086074818427425,
                "k_iE_kill_proportion": -0.4578212377562337
            }
        },
        {
            "index": 3,
            "initial_guess": {
                "M": 3.2878028426102426,
                "k_R_death": -2.0766166857743396,
                "k_E_infect": -4.957824692734018,
                "k_iE_rupture": -0.27232637402979387,
                "param1_Pdeath": -4.597255386540178,
                "param2_Pdeath": -0.6372795304133811,
                "I0_iE": -3.741610123482566,
                "I0_death_oiE": -3.003493956681048,
                "Imax_iE": 0.5957146172897131,
                "hill": 0.33528634128104506,
                "ID50": -0.5930082901721084,
                "t_oiE_death": 0.7116696533688892,
                "t_halb_LDH_decay": 0.42424274370746845,
                "k_BH": -2.7854704959105696,
                "J_oiEdeath_0": 3.972591947358912,
                "BH_max": -0.14406404942062156,
                "t_ART_add": 1.2962996130386917,
                "k_iE_kill_proportion": -0.4717530692299752
            },
            "best_score": 636.8378056259883,
            "best_params": {
                "M": 3.806162930546784,
                "k_R_death": -1.5372639747477368,
                "k_E_infect": -5.725154773931852,
                "k_iE_rupture": 0.8822535489880865,
                "param1_Pdeath": -3.0714546474663624,
                "param2_Pdeath": 0.4271719765489258,
                "I0_iE": -4.369062722579873,
                "I0_death_oiE": -3.2299722066835366,
                "Imax_iE": 0.27480524521423333,
                "hill": 0.39148803620988215,
                "ID50": 1.0845420542724096,
                "t_oiE_death": 0.9046151475496211,
                "t_halb_LDH_decay": 1.0364185429612183,
                "k_BH": -4.120296812757899,
                "J_oiEdeath_0": 3.9288144576012374,
                "BH_max": -1.9857895521177131,
                "t_ART_add": 0.909195781118953,